infected,recovered,deaths,chinfected,cinfected,Infection_Rate_china
548,28,17,,,
643,30,18,,6.7290998500697055e-06,
920,36,26,,1.9620638510203246e-05,
1406,39,42,,3.44246581803566e-05,
2075,49,56,,4.738702947049087e-05,
2877,58,82,,5.6807769260588463e-05,
5509,101,131,,0.0001864314821619312,
6087,120,133,,4.09412601404241e-05,
8141,135,171,3.9724950884086443,0.0001454902220215071,2.8138227477698156e-07
9802,214,213,3.0998209489704567,0.00011765299843121874,2.195684703469477e-07
11891,275,259,1.3907169317934192,0.0001479693640715328,9.850813786547892e-08
16630,463,361,2.2522965178380687,0.0003356758335734772,1.5953608589996493e-07
19716,614,425,1.908176722716782,0.00021858949618226432,1.3516117577621054e-07
23707,843,491,2.007942238267148,0.00028269302633292834,1.4222782962602205e-07
27440,1115,563,2.4363835788154184,0.00026441820779273906,1.7257545657809605e-07
30587,1477,633,1.3238167504505358,0.00022291028661230907,9.376942207343648e-08
34110,1999,718,1.2435421166306695,0.000249543355492585,8.80833586376295e-08
36814,2596,805,0.9426105717367853,0.00019153143152198405,6.676758586261181e-08
39829,3219,905,0.7967714965592643,0.00021356037945221223,5.643742061091326e-08
42354,3918,1012,0.8430894891452317,0.00017885239075185268,5.971824584213182e-08
44386,4636,1112,0.7139085730165347,0.00014393190416149096,5.056802180683201e-08
44759,5082,1117,0.6061646448462653,2.6420570990273686e-05,4.293623600792169e-08
59895,6217,1369,1.6196626039228348,0.0010721226876911059,1.1472496194969112e-07
66358,7977,1521,2.0399422112688024,0.00045779128769474214,1.444944718736817e-07
68413,9298,1663,2.33816660179058,0.00014556105465150784,1.6561848978470508e-07
70513,10755,1766,3.241535556954059,0.00014874852300154084,2.2960648873994926e-07
72434,12462,1864,0.6248878700289047,0.0001360694822314095,4.4262451289704e-08
74211,14206,2003,0.3271538076987169,0.00012586958351130386,2.317316461405441e-08
74619,15962,2116,0.2582927539851001,2.8899713040299367e-05,1.8295555074897142e-08
75077,18014,2238,0.17721518987341772,3.244134454033605e-05,1.2552617974813574e-08
75550,18704,2238,0.2485046654438153,3.350383399034706e-05,1.7602239020837892e-08
77001,22699,2443,0.35527823761619765,0.00010277814613106466,2.516529195238089e-08
77022,23187,2445,0.3872059297454077,1.4874852300154085e-06,2.7426814355746567e-08
77241,25015,2595,0.4741454864154251,1.551234597016069e-05,3.3584971805781735e-08
77754,27676,2665,0.7073170731707317,3.633713919037641e-05,5.0101128537104354e-08
78166,30084,2717,0.4175627240143369,2.9183043560302302e-05,2.9577065932206023e-08
78600,32930,2746,0.6566791510611736,3.074136142031845e-05,4.651431133631205e-08
78928,36329,2790,0.7795748613678374,2.3233102640240666e-05,5.521933771314133e-08
79356,39320,2837,0.7268602540834845,3.0316365640314042e-05,5.148542343973478e-08
79932,42162,2872,1.5158798283261803,4.079959488042263e-05,1.0737375500540411e-07
80136,44854,2914,0.973384030418251,1.4449856520149684e-05,6.894735087523892e-08
80261,47450,2947,0.7901600474214582,8.854078750091717e-06,5.5969114280366377e-08
80386,50001,2983,0.6429463171036205,8.854078750091717e-06,4.5541578589735185e-08
80537,52292,3015,0.34258210645526616,1.0695727130110795e-05,2.4265991591417847e-08
80690,53944,3044,0.3606770833333333,1.0837392390112263e-05,2.5547706393493808e-08
80770,55539,3072,0.3818454613653413,5.666610400058699e-06,2.7047118282350692e-08
80823,57388,3100,0.4242718446601942,3.7541293900388884e-06,3.005229059254432e-08
80860,58804,3123,0.5338842975206611,2.6208073100271483e-06,3.7816428909482645e-08
80887,60181,3139,0.3555956678700361,1.912481010019811e-06,2.5187776372102072e-08
80921,61644,3161,0.2966601178781925,2.4083094200249474e-06,2.1013216365640066e-08
80932,62901,3172,0.2494279176201373,7.791589300080711e-07,1.766763540064068e-08
80945,64196,3180,0.2631578947368421,9.208241900095387e-07,1.8640165789666774e-08
80977,65660,3193,0.45685279187817257,2.26664416002348e-06,3.2360084771908815e-08
81003,67017,3204,0.543046357615894,1.8416483800190773e-06,3.846540172225276e-08
81033,67910,3219,0.926605504587156,2.1249789000220124e-06,6.56339048630652e-08
81058,68798,3232,1.3294117647058823,1.7708157500183436e-06,9.416573164803427e-08
81102,69755,3243,1.3888888888888888,3.1166357200322846e-06,9.837865277879686e-08
81156,70535,3251,1.8658536585365855,3.824962020039622e-06,1.3216332183063734e-07
81250,71266,3255,2.1485148514851486,6.658267220068972e-06,1.5218495752632892e-07
81305,71857,3262,2.185840707964602,3.895794650040356e-06,1.5482884610779853e-07
81435,72362,3277,2.664,9.208241900095387e-06,1.886981263219547e-07
81493,72814,3279,2.2026143790849675,4.108292540042557e-06,1.5601696934802139e-07
81587,73280,3286,1.5529953917050692,6.658267220068972e-06,1.1000274797348972e-07
81658,73773,3290,1.4291497975708503,5.029116730052095e-06,1.0123043882695956e-07
81781,74181,3299,1.039039039039039,8.71241349009025e-06,7.359786780857019e-08
81872,74720,3304,1.1246290801186944,6.4457693300667704e-06,7.966043552011303e-08
81964,75100,3307,1.1186943620178043,6.516601960067504e-06,7.924006382871402e-08
82058,75582,3313,1.13314447592068,6.658267220068972e-06,8.026360340026486e-08
82139,75923,3318,1.0346820809248556,5.737443030059433e-06,7.328925300653954e-08
83786,76206,3323,5.050131926121372,0.00011666134161120848,3.5771412617784794e-07
84002,76405,3332,5.405835543766578,1.529984808015849e-05,3.8290954891643335e-07
84129,76565,3339,5.1775,8.995744010093185e-06,3.6673594182879893e-07
84265,76760,3348,5.93854748603352,9.63323768009979e-06,4.206429368199998e-07
84363,76946,3353,0.3014629049111808,6.941597740071907e-06,2.1353410402520047e-08
84467,77207,3357,0.2281648675171737,7.366593520076309e-06,1.6161517640010396e-08
84611,77310,3361,0.23273780782230807,1.0199898720105658e-05,1.6485431028659423e-08
84692,77410,3362,0.20084666039510818,5.737443030059433e-06,1.422649718264972e-08
84909,77567,3366,0.9462738301559792,1.5370680710159223e-05,6.702706409081565e-08
85024,77679,3372,1.1978494623655913,8.14575245008438e-06,8.484682776431977e-08
85115,77791,3373,1.045643153526971,6.4457693300667704e-06,7.406565460657637e-08
85208,77877,3379,1.2084309133489461,6.587434590068238e-06,8.559633976669463e-08
85377,77956,3381,0.8571428571428571,1.1970714470124003e-05,6.071368285777177e-08
85489,78039,3385,0.8348294434470377,7.93325456008218e-06,5.9133165081402494e-08
85569,78200,3387,0.9007936507936508,5.666610400058699e-06,6.380558337367682e-08
85668,78311,3389,0.8914728682170543,7.0124303700726405e-06,6.314536783011149e-08
85774,78401,3391,0.8482905982905983,7.508258780077777e-06,6.0086654081819e-08
86187,77552,4686,1.5010752688172042,2.9253876190303033e-05,1.0632510911938096e-07
86258,77614,4687,1.5176211453744493,5.029116730052095e-06,1.0749709707159811e-07
86321,77690,4687,1.4195652173913043,4.462455690046226e-06,1.0055153780538942e-07
86382,77745,4688,1.5314861460957179,4.3207904300447585e-06,1.0847919153764763e-07
86452,77799,4691,0.37965616045845274,4.9582841000513615e-06,2.6892044341252784e-08
86508,77861,4692,0.36284470246734396,3.96662728004109e-06,2.5701244557595693e-08
86548,77983,4693,0.34762633996937214,2.8333052000293495e-06,2.4623287917559813e-08
86594,78109,4694,0.34868421052631576,3.258300980033752e-06,2.4698219671308472e-08
86632,78175,4695,0.6792452830188679,2.691639940027882e-06,4.8112729811819146e-08
86661,78277,4696,0.612,2.0541462700212786e-06,4.3349569560449043e-08
86692,78374,4696,0.6343612334801763,2.195811530022746e-06,4.493347453791039e-08
86754,78422,4697,0.7547169811320755,4.391623060045492e-06,5.3458588679799054e-08
86783,78474,4697,0.8388888888888889,2.0541462700212786e-06,5.9420706278393305e-08
86828,78523,4697,1.091503267973856,3.1874683500330183e-06,7.731404712498388e-08
86850,78573,4698,1.0972222222222223,1.5583178600161423e-06,7.771913569524952e-08
86858,78586,4698,0.65,5.6666104000587e-07,4.604120950047693e-08
86842,78684,4699,0.39072847682119205,-1.13332208001174e-06,2.7676325629425766e-08
86838,78792,4699,0.059880239520958084,-2.83330520002935e-07,4.2414748503433376e-09
86855,78870,4699,0.03164556962025317,1.2041547100124737e-06,2.2415389240738524e-09
86877,78929,4699,0.18269230769230768,1.5583178600161423e-06,1.2940576634749431e-08
86888,78977,4701,0.7796610169491526,7.791589300080711e-07,5.522544033955512e-08
86905,78993,4702,6.7,1.2041547100124737e-06,4.7457862100491605e-07
86934,79127,4702,15.8,2.0541462700212786e-06,1.119155554011593e-06
86973,79167,4703,5.052631578947368,2.7624725700286158e-06,3.5789118316160207e-07
86980,79198,4704,2.0,4.958284100051362e-07,1.416652600014675e-07
87002,79222,4704,1.4477611940298507,1.5583178600161423e-06,1.0254873298613691e-07
87016,79246,4704,1.0379746835443038,9.916568200102724e-07,7.352247670962236e-08
87032,79261,4704,0.6145833333333334,1.13332208001174e-06,4.3532553854617614e-08
87052,79281,4704,0.782608695652174,1.4166526000146748e-06,5.543423217448728e-08
87070,79293,4705,0.7010309278350515,1.2749873400132073e-06,4.9655864330411275e-08
87092,79306,4705,0.926829268292683,1.5583178600161423e-06,6.56497546348264e-08
87119,79310,4705,1.4745762711864407,1.912481010019811e-06,1.0444811542481077e-07
87135,79310,4706,1.1527777777777777,1.13332208001174e-06,8.16542818064014e-08
87151,79310,4706,1.1911764705882353,1.13332208001174e-06,8.437416220675637e-08
87190,79310,4706,1.2894736842105263,2.7624725700286158e-06,9.133681236936719e-08
87235,79332,4706,1.3333333333333333,3.1874683500330183e-06,9.444350666764498e-08
87266,79335,4706,1.5783132530120483,2.195811530022746e-06,1.1179607867585688e-07
87313,79343,4706,2.0,3.329133610034486e-06,1.416652600014675e-07
87360,79352,4706,1.7346938775510203,3.329133610034486e-06,1.2287292959310957e-07
87390,79358,4707,1.3362068965517242,2.1249789000220124e-06,9.464704870787698e-08
87421,79367,4708,1.183206106870229,2.195811530022746e-06,8.380960038254757e-08
87444,79371,4708,0.808641975308642,1.629150490016876e-06,5.727823784009951e-08
87466,79382,4708,0.6235294117647059,1.5583178600161423e-06,4.416622811810457e-08
87475,79386,4708,0.5483870967741935,6.374936700066036e-07,3.884370032298302e-08
87496,79389,4708,0.4838709677419355,1.4874852300154085e-06,3.427385322616149e-08
87520,79398,4708,0.5801526717557252,1.6999831200176098e-06,4.1093739542410415e-08
87535,79400,4708,0.6509433962264151,1.0624894500110062e-06,4.610803273632668e-08
87538,79404,4708,0.7411764705882353,2.1249789000220123e-07,5.249947870642619e-08
87553,79415,4708,0.76,1.0624894500110062e-06,5.3832798800557644e-08
87561,79420,4708,0.5394736842105263,5.6666104000587e-07,3.8212339868816885e-08
87572,79424,4708,0.5362318840579711,7.791589300080711e-07,3.798271463807462e-08
87581,79434,4708,0.6825396825396826,6.374936700066036e-07,4.83460807941516e-08
87587,79444,4708,0.5964912280701754,4.2499578000440245e-07,4.225104245657802e-08
87610,79451,4708,1.1951219512195121,1.629150490016876e-06,8.465363097648665e-08
87626,79456,4708,1.4594594594594594,1.13332208001174e-06,1.0337735189296276e-07
87636,79464,4708,1.2790697674418605,7.083263000073374e-07,9.059987558233385e-08
87648,79472,4708,1.7941176470588236,8.499915600088049e-07,1.2708207147190465e-07
87713,79475,4708,2.1020408163265305,4.6041209500476935e-06,1.4889307938929743e-07
87769,79482,4708,2.6481481481481484,3.96662728004109e-06,1.8757529796490603e-07
87830,79489,4708,3.5272727272727273,4.3207904300447585e-06,2.498460040025881e-07
87880,79493,4708,3.80327868852459,3.541631500036687e-06,2.6939623213393815e-07
87921,79510,4708,2.0194174757281553,2.9041378300300833e-06,1.4304065087526815e-07
87965,79515,4709,1.3706293706293706,3.1166357200322846e-06,9.708528307792877e-08
87971,79515,4709,0.7268041237113402,4.2499578000440245e-07,5.148144757785287e-08
88034,79534,4709,0.6637931034482759,4.462455690046226e-06,4.70182112935905e-08
88057,79535,4710,0.6538461538461539,1.629150490016876e-06,4.6313642692787446e-08
88115,79547,4710,0.7653061224489796,4.108292540042557e-06,5.42086454087248e-08
88150,79555,4711,1.2695035460992907,2.4791420500256807e-06,8.99222749654705e-08
88172,79562,4711,0.8961038961038961,1.5583178600161423e-06,6.347339571494322e-08
88201,79572,4712,1.0588235294117647,2.0541462700212786e-06,7.499925529489455e-08
88229,79580,4712,0.76,1.983313640020545e-06,5.3832798800557644e-08
88258,79591,4712,0.6033519553072626,2.0541462700212786e-06,4.273700581049857e-08
88277,79609,4713,0.7608695652173914,1.345819970013941e-06,5.389439239186263e-08
88305,79619,4713,0.7222222222222222,1.983313640020545e-06,5.115689944497436e-08
88311,79632,4713,0.7192982456140351,4.2499578000440245e-07,5.0949786491755844e-08
88344,79650,4713,0.7962962962962963,2.3374767900242136e-06,5.6403760926510204e-08
88360,79665,4713,0.7904761904761904,1.13332208001174e-06,5.599150752438953e-08
88372,79680,4713,0.6442307692307693,8.499915600088049e-07,4.563255971201117e-08
88395,79706,4713,1.024390243902439,1.629150490016876e-06,7.256025512270285e-08
88415,79718,4713,0.8255813953488372,1.4166526000146748e-06,5.847810151223367e-08
88444,79725,4713,1.0120481927710843,2.0541462700212786e-06,7.168603518146547e-08
88485,79754,4713,1.6865671641791045,2.9041378300300833e-06,1.1946398791168527e-07
88524,79802,4713,1.5357142857142858,2.7624725700286158e-06,1.0877868178684111e-07
88571,79802,4713,2.1971830985915495,3.329133610034486e-06,1.556322574664009e-07
88612,79802,4713,2.0,2.9041378300300833e-06,1.416652600014675e-07
88657,79876,4713,1.5221238938053097,3.1874683500330183e-06,1.0781603858518764e-07
88708,79907,4713,1.426356589147287,3.612464130037421e-06,1.0103258852817836e-07
88766,79907,4713,1.25,4.108292540042557e-06,8.854078750091717e-08
88828,79967,4714,1.2857142857142858,4.391623060045492e-06,9.107052428665767e-08
88852,80005,4714,1.1337209302325582,1.6999831200176098e-06,8.030443517525046e-08
88935,80038,4716,1.233695652173913,5.8791082900609e-06,8.73859076639487e-08
89015,80064,4716,1.2769230769230768,5.666610400058699e-06,9.044781984709077e-08
89109,80092,4718,1.3009259259259258,6.658267220068972e-06,9.214800476947305e-08
89280,80137,4718,2.194871794871795,1.211237973012547e-05,1.5546854174520021e-07
89376,80162,4718,1.9427312775330396,6.799932480070439e-06,1.3760876577235057e-07
89454,80204,4720,1.7630522088353413,5.5249451400572316e-06,1.2488162478041008e-07
89614,80244,4720,1.7971530249110321,1.1333220800117398e-05,1.2729707526822258e-07
89768,80297,4721,1.1401869158878504,1.0908225020112996e-05,8.076243794476182e-08
89957,80341,4722,1.3174603174603174,1.3387367070138676e-05,9.331917920731588e-08
90192,80409,4724,1.6810933940774488,1.664566805017243e-05,1.1907626637936562e-07
90432,80459,4724,1.61980198019802,1.69998312001761e-05,1.147348343378222e-07
90658,80466,4728,1.8237704918032787,1.6008174380165825e-05,1.2918246045215786e-07
90875,80517,4728,1.5800344234079173,1.5370680710159223e-05,1.1191799370167569e-07
91074,80594,4730,1.1951219512195121,1.4095693370146014e-05,8.465363097648665e-08
91359,80680,4730,1.1332518337408313,2.0187299550209116e-05,8.027120783701733e-08
91500,80787,4733,0.946067415730337,9.987400830103458e-06,6.701244321417731e-08
91690,80907,4737,0.8877995642701525,1.3458199700139411e-05,6.288517805076035e-08
91864,81018,4740,0.8956916099773242,1.232487762012767e-05,6.344419240428532e-08
91983,81113,4743,0.6731391585760518,8.429082970087315e-06,4.768021695842271e-08
92109,81234,4747,0.7232779097387173,8.924911380092452e-06,5.1231676568226654e-08
92255,81417,4749,0.6932515337423313,1.0341563980107126e-05,4.910482938701173e-08
92406,81592,4750,0.6860759493670886,1.0695727130110795e-05,4.8596563873921126e-08
92540,81788,4752,0.8926282051282052,9.491572420098322e-06,6.322720338206522e-08
92646,81969,4753,0.8817733990147784,7.508258780077777e-06,6.245832891690315e-08
92778,82125,4757,0.9256637168141593,9.349907160096855e-06,6.556719555820132e-08
92919,82247,4760,0.9464944649446494,9.987400830103458e-06,6.70426922331668e-08
92986,82440,4764,0.800718132854578,4.745786210049161e-06,5.671697123936669e-08
93091,82633,4769,0.8286778398510242,7.437426150077043e-06,5.869743081997489e-08
93210,82804,4771,0.8260038240917782,8.429082970087315e-06,5.8508023251084085e-08
93308,82956,4772,0.7582846003898636,6.941597740071907e-06,5.371129253466944e-08
93392,83108,4774,0.9103139013452914,5.949940920061634e-06,6.447992775851547e-08
93503,83200,4775,0.9258426966292135,7.862421930081445e-06,6.557987316921865e-08
93605,83283,4775,0.9143518518518519,7.224928260074842e-06,6.476594641270794e-08
93675,83408,4776,0.9434447300771208,4.9582841000513615e-06,6.682667149169481e-08
93720,83566,4778,0.8078817733990148,3.1874683500330183e-06,5.722439073950903e-08
93782,83663,4779,0.6771844660194175,4.391623060045492e-06,4.796675672379785e-08
93851,83793,4781,0.6227848101265823,4.887451470050628e-06,4.4113486025773415e-08
93922,83924,4782,0.6730245231607629,5.029116730052095e-06,4.767209703046657e-08
93978,83988,4783,0.7865853658536586,3.96662728004109e-06,5.5715910183503976e-08
94027,84058,4784,0.8781362007168458,3.4707988700359534e-06,6.220069659562639e-08
94077,84168,4784,0.9186991869918699,3.541631500036687e-06,6.507387959417003e-08
94118,84251,4785,0.7935222672064778,2.9041378300300833e-06,5.620726915037981e-08
94166,84335,4786,0.7286821705426356,3.3999662400352196e-06,5.161447457417808e-08
94202,84419,4791,0.7142857142857143,2.5499746800264145e-06,5.0594735714809816e-08
94236,84484,4793,0.7035398230088495,2.4083094200249474e-06,4.983357597396754e-08
94272,84546,4795,0.7857142857142857,2.5499746800264145e-06,5.56542092862908e-08
94310,84594,4796,0.7659574468085106,2.691639940027882e-06,5.4254780426093936e-08
94363,84652,4797,0.92,3.7541293900388884e-06,6.516601960067505e-08
94402,84695,4800,1.0440251572327044,2.7624725700286158e-06,7.395104767372202e-08
94445,84737,4801,1.1233766233766234,3.045803090031551e-06,7.957172071510998e-08
94491,84782,4801,1.2569444444444444,3.258300980033752e-06,8.903268076481116e-08
94516,84837,4801,0.9503105590062112,1.7708157500183436e-06,6.731299621187742e-08
94565,84873,4802,0.9819277108433735,3.4707988700359534e-06,6.955252222963615e-08
94601,84900,4805,0.9017341040462428,2.5499746800264145e-06,6.387219815095066e-08
94621,84932,4806,0.7182320441988951,1.4166526000146748e-06,5.0874264641410975e-08
94641,84957,4806,0.8169934640522876,1.4166526000146748e-06,5.786979575223344e-08
94683,85005,4806,0.7239263803680982,2.974970460030817e-06,5.1277609448383934e-08
94722,85025,4807,0.7756410256410257,2.7624725700286158e-06,5.4940693782620406e-08
94752,85054,4808,1.0076923076923077,2.1249789000220124e-06,7.137749638535477e-08
94851,85086,4808,1.68,7.0124303700726405e-06,1.1899881840123269e-07
94911,85101,4809,1.9322033898305084,4.249957800044025e-06,1.3686304779802792e-07
94934,85129,4809,1.7520661157024793,1.629150490016876e-06,1.2410345091037648e-07
94966,85155,4810,1.633587786259542,2.26664416002348e-06,1.1571131923783987e-07
95021,85181,4810,0.8095238095238095,3.895794650040356e-06,5.734070047678446e-08
95056,85204,4811,0.6359649122807017,2.4791420500256807e-06,4.504706732502803e-08
95103,85226,4811,0.7971698113207547,3.329133610034486e-06,5.646563429303775e-08
95159,85239,4811,0.9018691588785047,3.96662728004109e-06,6.388176443991409e-08
95196,85257,4811,1.0294117647058822,2.6208073100271483e-06,7.291594264781414e-08
95229,85275,4811,1.193103448275862,2.3374767900242136e-06,8.45106551043237e-08
95254,85304,4811,0.893491124260355,1.7708157500183436e-06,6.328832621367335e-08
95289,85323,4812,0.6735751295336787,2.4791420500256807e-06,4.771109792795537e-08
95323,85343,4812,0.7257142857142858,2.4083094200249474e-06,5.140425148624677e-08
95368,85360,4813,0.8034682080924855,3.1874683500330183e-06,5.691176630116757e-08
95416,85381,4813,1.0728476821192052,3.3999662400352196e-06,7.599262291469447e-08
95452,85398,4813,1.2538461538461538,2.5499746800264145e-06,8.881322069322769e-08
95499,85423,4813,1.3858267716535433,3.329133610034486e-06,9.816175496164677e-08
95536,85460,4813,1.20863309352518,2.6208073100271483e-06,8.561066072031128e-08
95568,85479,4813,0.9382716049382716,2.26664416002348e-06,6.646024543278721e-08
95617,85494,4813,1.0122699386503067,3.4707988700359534e-06,7.170174202528262e-08
95648,85511,4813,0.8465909090909091,2.195811530022746e-06,5.996626062562118e-08
95694,85530,4813,0.9404761904761905,3.258300980033752e-06,6.661640202449959e-08
95744,85540,4813,1.1578947368421053,3.541631500036687e-06,8.20167294745338e-08
95789,85566,4813,1.0424242424242425,3.1874683500330183e-06,7.383765066743154e-08
95829,85588,4813,1.2147651006711409,2.8333052000293495e-06,8.6045006913643e-08
95875,85612,4813,1.1455696202531647,3.258300980033752e-06,8.114370905147347e-08
95913,85641,4813,0.9602272727272727,2.691639940027882e-06,6.801542312570455e-08
95979,85658,4813,1.1046511627906976,4.674953580048427e-06,7.824534709383378e-08
96034,85669,4813,1.132596685082873,3.895794650040356e-06,8.022480193453269e-08
96083,85690,4813,1.149171270718232,3.4707988700359534e-06,8.139882342625756e-08
96124,85707,4813,1.2485207100591715,2.9041378300300833e-06,8.843600550387466e-08
96146,85720,4814,0.8789473684210526,1.5583178600161423e-06,6.225815373748702e-08
96203,85743,4814,0.824390243902439,4.0374599100418235e-06,5.839372912255611e-08
96231,85762,4814,0.7115384615384616,1.983313640020545e-06,5.0400140577445163e-08
96271,85791,4814,0.6966824644549763,2.8333052000293495e-06,4.9347851232738676e-08
96322,85819,4814,1.0538922155688624,3.612464130037421e-06,7.464995736604276e-08
96389,85840,4814,1.1005917159763314,4.745786210049161e-06,7.795780579962411e-08
96427,85873,4814,1.3243243243243243,2.691639940027882e-06,9.380537486583657e-08
96461,85899,4814,1.2925170068027212,2.4083094200249474e-06,9.1552378912513e-08
96514,85929,4814,1.0909090909090908,3.7541293900388884e-06,7.727196000080044e-08
96557,85950,4814,0.9032258064516129,3.045803090031551e-06,6.397785935550143e-08
96602,85974,4814,0.8928571428571429,3.1874683500330183e-06,6.324341964351227e-08
96643,86002,4814,0.9578947368421052,2.9041378300300833e-06,6.785020347438706e-08
96826,86018,4814,1.625,1.2962371290134274e-05,1.1510302375119233e-07
96921,86031,4814,2.1666666666666665,6.7290998500697055e-06,1.534706983349231e-07
96984,86049,4814,2.182857142857143,4.462455690046226e-06,1.5461751234445878e-07
97004,86082,4814,1.9835164835164836,1.4166526000146748e-06,1.4049768917727955e-07
97097,86111,4814,0.8685897435897436,6.587434590068238e-06,6.152449593012451e-08
97153,86135,4814,0.6373626373626373,3.96662728004109e-06,4.5146071868599523e-08
97250,86162,4814,0.6963350785340314,6.870765110071173e-06,4.932324497433292e-08
97333,86189,4814,0.9113573407202216,5.8791082900609e-06,6.455383731368809e-08
97411,86212,4814,1.1586715867158672,5.5249451400572316e-06,8.20717557942081e-08
97565,86241,4815,1.7758620689655173,1.0908225020112996e-05,1.25788980863372e-07
97622,86264,4816,1.3984962406015038,4.0374599100418235e-06,9.905916676794342e-08
97684,86301,4817,1.0668693009118542,4.391623060045492e-06,7.556915845063083e-08
97740,86344,4817,1.0477707006369428,3.96662728004109e-06,7.421635436382612e-08
97816,86369,4818,0.6092233009708737,5.383279880055764e-06,4.3152888665495556e-08
97852,86393,4820,0.6182795698924731,2.5499746800264145e-06,4.3794368011206345e-08
97902,86421,4821,0.6210826210826211,3.541631500036687e-06,4.399291549903121e-08
97948,86451,4821,0.6322188449848024,3.258300980033752e-06,4.478172352629975e-08
97980,86488,4821,0.6533864541832669,2.26664416002348e-06,4.6281080956654715e-08
98018,86518,4821,0.7217391304347827,2.691639940027882e-06,5.1122680783138265e-08
98045,86543,4821,0.6559633027522935,1.912481010019811e-06,4.6463605917912494e-08
98069,86572,4822,0.5817307692307693,1.6999831200176098e-06,4.12055203369653e-08
98104,86616,4822,0.7560975609756098,2.4791420500256807e-06,5.3556378781042584e-08
98126,86667,4822,0.6506024096385542,1.5583178600161423e-06,4.6083879759513515e-08
98150,86700,4822,0.7342657342657343,1.6999831200176098e-06,5.200997307746184e-08
98185,86727,4822,0.9586776859504132,2.4791420500256807e-06,6.790566181888524e-08
98240,86751,4822,1.096774193548387,3.895794650040356e-06,7.768740064596603e-08
98318,86769,4822,1.7777777777777777,5.5249451400572316e-06,1.2592467555685997e-07
98407,86792,4822,2.447619047619048,6.304104070065303e-06,1.733712943827483e-07
98511,86816,4823,2.810344827586207,7.366593520076309e-06,1.9906411534688965e-07
98598,86847,4823,2.6323529411764706,6.162438810063835e-06,1.8645648191369617e-07
98709,86888,4823,2.0364583333333335,7.862421930081445e-06,1.4424769963691092e-07
98796,86900,4823,1.5136186770428015,6.162438810063835e-06,1.0721359171317286e-07
98902,86937,4824,1.1993865030674846,7.508258780077777e-06,8.495570039965303e-08
99000,86968,4827,1.1229050279329609,6.941597740071907e-06,7.9538316369539e-08
99142,86998,4827,1.1074168797953965,1.005823346010419e-05,7.844125010311435e-08
99245,87017,4827,1.154241645244216,7.2957608900755756e-06,8.175797138902172e-08
99336,87051,4830,1.1099744245524297,6.4457693300667704e-06,7.86224077245996e-08
99458,87101,4831,1.1393034825870647,8.641580860089517e-06,8.069986204063695e-08
99570,87147,4832,0.9884526558891455,7.93325456008218e-06,7.001470124783843e-08
99709,87204,4835,1.0334075723830736,9.84573557010199e-06,7.319897621456673e-08
99839,87259,4835,1.1589861751152073,9.208241900095387e-06,8.209403891790108e-08
99945,87331,4835,1.0633187772925765,7.508258780077777e-06,7.531766552479767e-08
100043,87404,4835,1.105140186915888,6.941597740071907e-06,7.827998595875481e-08
100159,87483,4835,0.9698275862068966,8.216585080085114e-06,6.86954385782978e-08
100275,87582,4837,0.8667992047713717,8.216585080085114e-06,6.139766735650082e-08
100405,87707,4837,0.944558521560575,9.208241900095387e-06,6.690556427174029e-08
100509,87815,4837,0.985200845665962,7.366593520076309e-06,6.978436697746706e-08
100617,87944,4838,1.0177777777777777,7.649924040079244e-06,7.209187675630233e-08
100737,88041,4840,1.0596330275229358,8.49991560008805e-06,7.505659417508942e-08
100844,88122,4843,0.9543478260869566,7.579091410078511e-06,6.759896645722198e-08
100959,88211,4846,0.9656652360515021,8.14575245008438e-06,6.840060836980725e-08
101056,88326,4847,0.9585152838427947,6.870765110071173e-06,6.789415845048496e-08
101170,88429,4849,0.9372294372294372,8.074919820083647e-06,6.638642595306864e-08
101267,88538,4853,0.9635535307517085,6.870765110071173e-06,6.825103072963639e-08
101415,88666,4853,1.0133333333333334,1.0483229240108593e-05,7.17770650674102e-08
101521,88781,4854,1.0592255125284737,7.508258780077777e-06,7.502772881626694e-08
101635,88861,4857,1.073903002309469,8.074919820083647e-06,7.606737401926372e-08
101728,88963,4859,1.0898345153664302,6.587434590068238e-06,7.719584498897931e-08
101811,89104,4860,0.868421052631579,5.8791082900609e-06,6.151254710590036e-08
101909,89205,4862,0.8344086021505376,6.941597740071907e-06,5.910335578555847e-08
102002,89330,4863,0.789247311827957,6.587434590068238e-06,5.5904462817783415e-08
102102,89423,4864,0.8112798264642083,7.083263000073374e-06,5.7465083774998746e-08
102207,89518,4865,1.0,7.437426150077043e-06,7.083263000073375e-08
102311,89586,4869,1.0360824742268042,7.366593520076309e-06,7.338844654715197e-08
102389,89697,4874,1.0544959128065394,5.5249451400572316e-06,7.46927188291116e-08
102481,89813,4877,1.0133689839572193,6.516601960067504e-06,7.17795902948612e-08
102571,89923,4881,0.9191919191919192,6.374936700066037e-06,6.510878111178556e-08
102649,90031,4884,0.8407960199004975,5.5249451400572316e-06,5.95557933837015e-08
102731,90099,4886,0.8837209302325582,5.808275660060167e-06,6.259627767506703e-08
102808,90159,4887,0.862796833773087,5.454112510056498e-06,6.111416889245365e-08
102930,90213,4888,0.9862637362637363,8.641580860089517e-06,6.985965431391048e-08
103026,90306,4890,1.1153846153846154,6.799932480070439e-06,7.900562577004918e-08
103170,90400,4892,1.2836257309941521,1.0199898720105658e-05,9.092258646293015e-08
103331,90478,4895,1.599388379204893,1.1404053430118133e-05,1.1328888529169342e-07
103461,90543,4896,1.4791086350974931,9.208241900095387e-06,1.0476915468075102e-07
103626,90630,4901,1.5915119363395225,1.1687383950121068e-05,1.1273097612848872e-07
103754,90697,4903,1.3302961275626424,9.06657664009392e-06,9.422837339505355e-08
103895,90772,4903,1.0783938814531548,9.987400830103458e-06,7.638547480002643e-08
104146,90857,4906,1.2900188323917137,1.777899013018417e-05,9.137542664878082e-08
104322,90953,4912,1.16,1.2466542880129138e-05,8.216585080085113e-08
104563,91026,4912,1.3852739726027397,1.707066383017683e-05,9.812259875101644e-08
104777,91100,4914,1.5638297872340425,1.5158182820157021e-05,1.107701767032751e-07
104995,91158,4919,1.2394160583941607,1.5441513340159955e-05,8.779109908120139e-08
105246,91205,4920,1.3275862068965518,1.777899013018417e-05,9.4036422587181e-08
105525,91263,4924,1.1891223733003708,1.9762303770204715e-05,8.422866509357956e-08
105715,91322,4928,1.0634920634920635,1.3458199700139411e-05,7.532993984205017e-08
105955,91382,4931,1.1307420494699647,1.69998312001761e-05,8.009343321637738e-08
106193,91382,4935,1.024891774891775,1.685816594017463e-05,7.259577988170439e-08
106453,91526,4936,0.9646569646569647,1.8416483800190774e-05,6.832918985517766e-08
106683,91609,4938,1.0319829424307037,1.629150490016876e-05,7.309806592826254e-08
106954,91709,4939,1.040625,1.9195642730198845e-05,7.371020559451354e-08
107069,91775,4943,0.925026399155227,8.14575245008438e-06,6.552205267227324e-08
107230,91920,4946,0.8372844827586207,1.1404053430118133e-05,5.9307061972597104e-08
107402,92076,4947,0.7427685950413223,1.2183212360126203e-05,5.261225306872682e-08
107510,92223,4950,0.5565565565565566,7.649924040079244e-06,3.9422364645053015e-08
107642,92321,4955,0.6541095890410958,9.349907160096855e-06,4.6332302500479937e-08
107771,92622,4956,0.6962676962676962,9.137409270094652e-06,4.931847211119299e-08
107827,92779,4960,0.5910987482614742,3.96662728004109e-06,4.186907892950186e-08
107902,92891,4966,0.7050359712230215,5.31244725005503e-06,4.9939552086848245e-08
107961,93060,4968,0.5567190226876091,4.179125170043291e-06,3.943387254840151e-08
108012,93280,4970,0.4454713493530499,3.612464130037421e-06,3.155390726465218e-08
108060,93459,4971,0.548235294117647,3.3999662400352196e-06,3.883294774157873e-08
108135,93606,4976,0.5943877551020408,5.31244725005503e-06,4.2102047934109596e-08
108174,93752,4976,0.6677115987460815,2.7624725700286158e-06,4.729576862117959e-08
108226,93883,4977,0.8879668049792531,3.6832967600381547e-06,6.289702415002913e-08
108288,93989,4979,0.9785407725321889,4.391623060045492e-06,6.93126164814047e-08
108342,94147,4982,0.8884120171673819,3.824962020039622e-06,6.292855970022268e-08
108365,94288,4984,0.8967136150234741,1.629150490016876e-06,6.351658370957814e-08
108414,94413,4988,0.8785046728971962,3.4707988700359534e-06,6.222679644924272e-08
108450,94536,4990,0.7105263157894737,2.5499746800264145e-06,5.032844763210029e-08
108482,94641,4991,0.6763285024154589,2.26664416002348e-06,4.790612657054456e-08
108519,94728,4994,0.806282722513089,2.6208073100271483e-06,5.711112575975391e-08
108551,94796,4995,0.7287234042553191,2.26664416002348e-06,5.1617395266492144e-08
108575,94875,4996,0.7716049382716049,1.6999831200176098e-06,5.465480709933159e-08
108607,94960,4999,0.8928571428571429,2.26664416002348e-06,6.324341964351227e-08
108645,95034,5001,0.8181818181818182,2.691639940027882e-06,5.795397000060034e-08
108674,95110,5001,0.8978102189781022,2.0541462700212786e-06,6.359425905175365e-08
108707,95181,5001,1.056,2.3374767900242136e-06,7.479925728077484e-08
108743,95241,5001,1.088,2.5499746800264145e-06,7.706590144079832e-08
108775,95293,5002,1.0317460317460319,2.26664416002348e-06,7.308128492139197e-08
108807,95332,5004,1.08130081300813,2.26664416002348e-06,7.659138040729746e-08
108839,95462,5005,1.0,2.26664416002348e-06,7.083263000073375e-08
108866,95518,5006,0.9044117647058824,1.912481010019811e-06,6.406186389772243e-08
108906,95561,5007,1.0076923076923077,2.8333052000293495e-06,7.137749638535477e-08
108950,95605,5007,1.0751879699248121,3.1166357200322846e-06,7.615839165492426e-08
108997,95649,5009,1.196969696969697,3.329133610034486e-06,8.478451166754493e-08
109034,95681,5011,1.3658536585365855,2.6208073100271483e-06,9.674700683027048e-08
109061,95721,5012,1.183206106870229,1.912481010019811e-06,8.380960038254757e-08
109101,95755,5012,1.055944055944056,2.8333052000293495e-06,7.479529461615941e-08
109131,95778,5013,0.8481012658227848,2.1249789000220124e-06,6.007324316517924e-08
109162,95804,5013,0.7619047619047619,2.195811530022746e-06,5.396771809579714e-08
109207,95835,5015,0.9419354838709677,3.1874683500330183e-06,6.671976761359435e-08
109248,95851,5015,0.9735099337748344,2.9041378300300833e-06,6.895626894111166e-08
109280,95869,5015,1.1119402985074627,2.26664416002348e-06,7.876165574708452e-08
109315,95903,5016,1.1953125,2.4791420500256807e-06,8.466712804775205e-08
109350,95923,5018,0.9794520547945206,2.4791420500256807e-06,6.937716500071867e-08
109390,95951,5019,0.9659863945578231,2.8333052000293495e-06,6.842335687145707e-08
109464,95972,5019,1.2348993288590604,5.2416146200542965e-06,8.747116724922825e-08
109538,96011,5019,1.457516339869281,5.2416146200542965e-06,1.0323971562198446e-07
109577,96040,5019,1.5874125874125875,2.7624725700286158e-06,1.1244060846270321e-07
109628,96060,5019,1.676056338028169,3.612464130037421e-06,1.1871947845193401e-07
109655,96087,5019,1.0380434782608696,1.912481010019811e-06,7.352734962032688e-08
109686,96123,5019,0.6636771300448431,2.195811530022746e-06,4.7009996592415215e-08
109713,96154,5019,0.5991189427312775,1.912481010019811e-06,4.2437170396915364e-08
109735,96173,5019,0.4495798319327731,1.5583178600161423e-06,3.184492189108618e-08
109762,96208,5019,0.5602094240837696,1.912481010019811e-06,3.968110685904979e-08
109781,96231,5019,0.6418918918918919,1.345819970013941e-06,4.546689087884936e-08
109815,96269,5020,0.75,2.4083094200249474e-06,5.3124472500550307e-08
109850,96314,5020,1.074766355140187,2.4791420500256807e-06,7.612852757088206e-08
109878,96346,5021,1.0841121495327102,1.983313640020545e-06,7.679051476715059e-08
109906,96390,5021,1.3157894736842106,1.983313640020545e-06,9.320082894833388e-08
109960,96433,5022,1.4215686274509804,3.824962020039622e-06,1.006934446088862e-07
110001,96452,5022,1.3130434782608695,2.9041378300300833e-06,9.300632287052864e-08
110029,96478,5022,1.3017241379310345,1.983313640020545e-06,9.220454422509306e-08
110060,96504,5022,1.232,2.195811530022746e-06,8.726580016090396e-08
110081,96518,5022,0.8344827586206897,1.4874852300154085e-06,5.9108608483370916e-08
110109,96537,5023,0.7152317880794702,1.983313640020545e-06,5.0661748609796316e-08
110169,96558,5023,0.9271523178807947,4.249957800044025e-06,6.5672637086773e-08
110235,96583,5023,1.1363636363636365,4.674953580048427e-06,8.04916250008338e-08
110273,96605,5023,1.5867768595041323,2.691639940027882e-06,1.1239557818298248e-07
110327,96619,5023,2.0185185185185186,3.824962020039622e-06,1.4297697537185145e-07
110382,96642,5023,1.5214285714285714,3.895794650040356e-06,1.077667870725449e-07
110405,96660,5023,0.9714285714285714,1.629150490016876e-06,6.880884057214134e-08
110442,96675,5023,0.8802083333333334,2.6208073100271483e-06,6.234747119856252e-08
110474,96693,5024,0.6743119266055045,2.26664416002348e-06,4.7763287202329626e-08
110513,96715,5025,0.6150234741784038,2.7624725700286158e-06,4.3563730188244694e-08
110536,96729,5026,0.7705882352941177,1.629150490016876e-06,5.458279135350659e-08
110587,96749,5026,0.8579881656804734,3.612464130037421e-06,6.077355828465321e-08
110619,96768,5026,0.9863945578231292,2.26664416002348e-06,6.986892074902307e-08
110658,96788,5026,1.1068702290076335,2.7624725700286158e-06,7.840252939012513e-08
110683,96809,5028,1.1221374045801527,1.7708157500183436e-06,7.948394358860962e-08
110715,96827,5028,0.8827586206896552,2.26664416002348e-06,6.252811475926841e-08
110778,96839,5028,1.096551724137931,4.462455690046226e-06,7.767164255252872e-08
110829,96855,5029,1.1793103448275861,3.612464130037421e-06,8.353365331121012e-08
110881,96877,5029,1.346938775510204,3.6832967600381547e-06,9.540721591935564e-08
110916,96895,5030,1.5703125,2.4791420500256807e-06,1.112293642980272e-07
110952,96935,5030,1.0943396226415094,2.5499746800264145e-06,7.751495358570861e-08
110966,96958,5030,0.8011695906432749,9.916568200102724e-07,5.6748949181874406e-08
111014,96989,5030,0.6717171717171717,3.3999662400352196e-06,4.7579493889381756e-08
111053,97008,5030,0.681592039800995,2.7624725700286158e-06,4.827895676666927e-08
111079,97033,5030,0.7298850574712644,1.8416483800190773e-06,5.1699678218926355e-08
111110,97055,5030,1.051094890510949,2.195811530022746e-06,7.445181547522379e-08
111142,97070,5030,0.9624060150375939,2.26664416002348e-06,6.816974917363848e-08
111172,97097,5030,0.8686131386861314,2.1249789000220124e-06,6.152615306633077e-08
111211,97123,5030,1.0393700787401574,2.7624725700286158e-06,7.362131622123506e-08
111252,97144,5030,0.9861111111111112,2.9041378300300833e-06,6.984884347294577e-08
111290,97175,5030,1.15625,2.691639940027882e-06,8.190022843834838e-08
111325,97206,5031,1.2857142857142858,2.4791420500256807e-06,9.107052428665767e-08
111354,97232,5031,1.0833333333333333,2.0541462700212786e-06,7.673534916746155e-08
111385,97249,5031,0.9366197183098591,2.195811530022746e-06,6.634323795843371e-08
111411,97266,5031,0.8175675675675675,1.8416483800190773e-06,5.79104610141134e-08
111431,97287,5031,0.6928104575163399,1.4166526000146748e-06,4.907358679789396e-08
111451,97312,5031,0.6783216783216783,1.4166526000146748e-06,4.804730846203618e-08
111478,97332,5031,0.6992481203007519,1.912481010019811e-06,4.952958338397171e-08
111501,97357,5031,0.743801652892562,1.629150490016876e-06,5.268542727327303e-08
111522,97377,5031,0.8584905660377359,1.4874852300154085e-06,6.080914462327142e-08
111558,97390,5031,1.1030927835051547,2.5499746800264145e-06,7.81349629905001e-08
111596,97413,5031,1.2688172043010753,2.691639940027882e-06,8.987365957082345e-08
111614,97435,5031,1.2555555555555555,1.2749873400132073e-06,8.893430211203237e-08
111637,97454,5031,1.2637362637362637,1.629150490016876e-06,8.951376318774044e-08
111674,97479,5031,1.0841121495327102,2.6208073100271483e-06,7.679051476715059e-08
111720,97491,5031,1.0508474576271187,3.258300980033752e-06,7.443428915331343e-08
111766,97519,5031,1.345132743362832,3.258300980033752e-06,9.527928991249141e-08
111803,97543,5031,1.4434782608695653,2.6208073100271483e-06,1.0224536156627653e-07
111832,97560,5031,1.3620689655172413,2.0541462700212786e-06,9.647892706996492e-08
111857,97578,5031,1.1048387096774193,1.7708157500183436e-06,7.825863153306872e-08
111897,97596,5031,0.8618421052631579,2.8333052000293495e-06,6.104654296115868e-08
111933,97600,5031,0.7831325301204819,2.5499746800264145e-06,5.547133674756257e-08
111975,97621,5031,0.9050632911392406,2.974970460030817e-06,6.410801322851218e-08
112014,97632,5031,1.145985401459854,2.7624725700286158e-06,8.117315992784816e-08
112051,97656,5031,1.1755725190839694,2.6208073100271483e-06,8.326889328330532e-08
112082,97672,5031,1.146153846153846,2.195811530022746e-06,8.118509130853328e-08
112113,97685,5031,0.965034965034965,2.195811530022746e-06,6.83559646160927e-08
112141,97707,5031,0.8089171974522293,1.983313640020545e-06,5.7297732548364235e-08
112183,97726,5031,0.8571428571428571,2.974970460030817e-06,6.071368285777177e-08
112207,97737,5031,0.8389261744966443,1.6999831200176098e-06,5.942334731605179e-08
112256,97756,5031,1.036231884057971,3.4707988700359534e-06,7.339902963844148e-08
112286,97770,5031,1.141732283464567,2.1249789000220124e-06,8.087190039453853e-08
112329,97788,5031,1.106060606060606,3.045803090031551e-06,7.834518166747823e-08
112368,97795,5031,1.288,2.7624725700286158e-06,9.123242744094507e-08
112407,97813,5031,1.055944055944056,2.7624725700286158e-06,7.479529461615941e-08
112450,97825,5031,1.1310344827586207,3.045803090031551e-06,8.011414703531265e-08
112503,97854,5031,1.1917808219178083,3.7541293900388884e-06,8.441697000087446e-08
112539,97863,5031,1.062111801242236,2.5499746800264145e-06,7.523217223680415e-08
112597,97890,5031,1.2582781456953642,4.108292540042557e-06,8.912715033204908e-08
112620,97902,5031,1.0365853658536586,1.629150490016876e-06,7.342406768368741e-08
112653,97923,5031,0.8620689655172413,2.3374767900242136e-06,6.106261206959804e-08
112702,97938,5031,0.9532163742690059,3.4707988700359534e-06,6.751882274923742e-08
112758,97956,5031,0.8473684210526315,3.96662728004109e-06,6.002133384272701e-08
112820,97979,5031,1.1764705882352942,4.391623060045492e-06,8.333250588321617e-08
112854,97993,5031,1.34,2.4083094200249474e-06,9.491572420098322e-08
112896,98003,5031,1.1901840490797546,2.974970460030817e-06,8.430386638124139e-08
112943,98020,5031,1.1490683229813665,3.329133610034486e-06,8.139153136730275e-08
112997,98036,5031,0.885,3.824962020039622e-06,6.268687755064936e-08
113040,98051,5031,0.9253731343283582,3.045803090031551e-06,6.554661283649987e-08
113094,98084,5032,1.0206185567010309,3.824962020039622e-06,7.2293096598687e-08
113157,98104,5032,1.1567567567567567,4.462455690046226e-06,8.193612335220011e-08
113186,98114,5032,1.0677966101694916,2.0541462700212786e-06,7.563484220417332e-08
113229,98148,5032,1.0161290322580645,3.045803090031551e-06,7.197509177493912e-08
113278,98172,5032,0.9292929292929293,3.4707988700359534e-06,6.582426222290408e-08
113305,98211,5032,0.6915887850467289,1.912481010019811e-06,4.8987052523871935e-08
113347,98243,5032,0.8518518518518519,2.974970460030817e-06,6.033890703766208e-08
113394,98280,5033,0.873015873015873,3.329133610034486e-06,6.183801031810089e-08
113431,98309,5033,0.8315217391304348,2.6208073100271483e-06,5.8898871685392736e-08
113478,98331,5033,1.1689189189189189,3.329133610034486e-06,8.279760128464147e-08
113519,98353,5033,1.0683229813664596,2.9041378300300833e-06,7.56721264604112e-08
113555,98368,5033,0.9757575757575757,2.5499746800264145e-06,6.911547533404929e-08
113577,98399,5033,0.954248366013072,1.5583178600161423e-06,6.759192143860867e-08
113614,98420,5033,0.7861271676300579,2.6208073100271483e-06,5.568345479826468e-08
113667,98450,5034,0.8604651162790697,3.7541293900388884e-06,6.094900720993369e-08
113694,98468,5034,0.8633540372670807,1.912481010019811e-06,6.115363708137881e-08
113735,98492,5034,1.082191780821918,2.9041378300300833e-06,7.665449000079405e-08
113771,98527,5037,1.1544117647058822,2.5499746800264145e-06,8.177002139790586e-08
113854,98549,5037,1.2635135135135136,5.8791082900609e-06,8.94979852036298e-08
113910,98579,5038,1.5539568345323742,3.96662728004109e-06,1.1007084949754308e-07
113943,98603,5038,1.3164556962025316,2.3374767900242136e-06,9.324801924147226e-08
113992,98619,5038,1.4076433121019107,3.4707988700359534e-06,9.970707789912201e-08
114006,98590,5038,0.8128342245989305,9.916568200102724e-07,5.757518588294935e-08
114074,98660,5039,0.7592592592592593,4.816618840049895e-06,5.3780330185742283e-08
114112,98682,5040,0.8125,2.691639940027882e-06,5.7551511875596167e-08
114156,98700,5040,0.7420814479638009,3.1166357200322846e-06,5.2563580634028664e-08
114193,98727,5040,1.230263157894737,2.6208073100271483e-06,8.714277506669218e-08
114236,98739,5040,0.9878048780487805,3.045803090031551e-06,6.996881743974918e-08
114286,98769,5040,1.029585798816568,3.541631500036687e-06,7.292826994158385e-08
114330,98796,5041,1.0609756097560976,3.1166357200322846e-06,7.515169280565654e-08
114386,98811,5042,1.032085561497326,3.96662728004109e-06,7.310533470663963e-08
114464,98837,5043,1.4074074074074074,5.5249451400572316e-06,9.969036814918082e-08
114489,98798,5043,1.1666666666666667,1.7708157500183436e-06,8.263806833418937e-08
114589,98881,5044,1.4885057471264367,7.083263000073374e-06,1.0543477684017263e-07
114648,98906,5044,1.3575129533678756,4.179125170043291e-06,9.615621274711005e-08
114711,98903,5044,1.0833333333333333,4.462455690046226e-06,7.673534916746155e-08
114763,98950,5045,1.3497536945812807,3.6832967600381547e-06,9.560660404039922e-08
114853,98979,5045,1.0193050193050193,6.374936700066037e-06,7.22000552903232e-08
114935,98999,5045,1.0954198473282444,5.808275660060167e-06,7.759146874126177e-08
115032,99022,5046,1.2995951417004048,6.870765110071173e-06,9.20537418228159e-08
115090,99048,5046,1.1934306569343065,4.108292540042557e-06,8.453383215416033e-08
115170,99070,5046,1.2007575757575757,5.666610400058699e-06,8.505281708421437e-08
115248,99091,5046,1.0905923344947734,5.5249451400572316e-06,7.724952331090474e-08
115341,99119,5047,0.9626168224299065,6.587434590068238e-06,6.818468121565958e-08
115473,99150,5047,1.1712538226299694,9.349907160096855e-06,8.296298865529364e-08
115619,99172,5047,1.416403785488959,1.0341563980107126e-05,1.0032760526917808e-07
115760,99187,5047,1.6357827476038338,9.987400830103458e-06,1.1586679412260599e-07
115854,99228,5047,1.6601941747572815,6.658267220068972e-06,1.1759591970995602e-07
116037,0,5047,1.4725848563968669,1.2962371290134274e-05,1.043070582778429e-07
116198,0,5047,1.289532293986637,1.1404053430118133e-05,9.134096385395286e-08
116327,0,5047,1.107421875,9.137409270094652e-06,7.844160392659381e-08
116460,0,5048,1.1812865497076024,9.420739790097588e-06,8.367363310028197e-08
116601,0,5048,1.0,9.987400830103458e-06,7.083263000073375e-08
116710,0,5048,0.8842832469775475,7.720756670079977e-06,6.263610804900807e-08
116803,0,5049,0.8395061728395061,6.587434590068238e-06,5.9464430124072764e-08
116944,0,5049,0.7986798679867987,9.987400830103458e-06,5.657259557814378e-08
117016,0,5049,0.7358156028368794,5.099949360052829e-06,5.211975434451152e-08
117083,0,5050,0.728515625,4.745786210049161e-06,5.1602677715378294e-08
117160,0,5050,0.75,5.454112510056498e-06,5.3124472500550307e-08
117216,0,5050,0.5619834710743802,3.96662728004109e-06,3.9806767273139626e-08
117263,0,5050,0.5951807228915663,3.329133610034486e-06,4.215821592814756e-08
117329,0,5050,0.6595174262734584,4.674953580048427e-06,4.671535383426408e-08
117391,0,5050,0.6470588235294118,4.391623060045492e-06,4.5832878235768886e-08
117441,0,5050,0.8272058823529411,3.541631500036687e-06,5.859316819913637e-08
117493,0,5052,0.9311740890688259,3.6832967600381547e-06,6.595750971728244e-08
117538,0,5053,0.8495934959349594,3.1874683500330183e-06,6.017894174859087e-08
117591,0,5053,0.8658008658008658,3.7541293900388884e-06,6.132695238158764e-08
117622,0,5053,0.8044444444444444,2.195811530022746e-06,5.698091568947914e-08
117661,0,5055,0.7304347826086957,2.7624725700286158e-06,5.173861669618812e-08
117711,0,5055,0.8277511961722488,3.541631500036687e-06,5.863179421113367e-08
117768,0,5055,0.885,4.0374599100418235e-06,6.268687755064936e-08
117813,0,5055,1.0552486187845305,3.1874683500330183e-06,7.474603497314998e-08
117859,0,5055,1.1785714285714286,3.258300980033752e-06,8.348131392943619e-08
117919,0,5056,1.2023121387283238,4.249957800044025e-06,8.51629308679342e-08
117950,0,5056,1.0282485875706215,2.195811530022746e-06,7.283355175216691e-08
117991,0,5056,0.9319371727748691,2.9041378300300833e-06,6.601156094309218e-08
118037,0,5057,0.898989898989899,3.258300980033752e-06,6.36778188895485e-08
118082,0,5058,0.7836538461538461,3.1874683500330183e-06,5.550826293326731e-08
118126,0,5059,0.967032967032967,3.1166357200322846e-06,6.84974883523579e-08
118172,0,5060,1.0168539325842696,3.258300980033752e-06,7.202643837153262e-08
118223,0,5060,1.0449438202247192,3.612464130037421e-06,7.401611898953078e-08
118255,0,5061,1.0613496932515338,2.26664416002348e-06,7.517819012347815e-08
118296,0,5061,0.9659090909090909,2.9041378300300833e-06,6.841788125070873e-08
118321,0,5061,0.8232044198895028,1.7708157500183436e-06,5.8309734089001813e-08
118371,0,5061,0.7956989247311828,3.541631500036687e-06,5.636144752746555e-08
118437,0,5061,1.0520231213872833,4.674953580048427e-06,7.451756450944243e-08
118528,0,5061,1.3647058823529412,6.4457693300667704e-06,9.666570682453076e-08
118646,0,5063,2.1812080536912752,8.358250340086582e-06,1.5450070302173468e-07
118724,0,5063,2.385135135135135,5.5249451400572316e-06,1.689453945287771e-07
118808,0,5064,2.0384615384615383,5.949940920061634e-06,1.4438959192457263e-07
118892,0,5064,1.5689655172413792,5.949940920061634e-06,1.1113395396666846e-07
118958,0,5064,0.96,4.674953580048427e-06,6.79993248007044e-08
119038,0,5064,0.8895184135977338,5.666610400058699e-06,6.300692866920793e-08
119101,0,5064,0.7897574123989218,4.462455690046226e-06,5.5940594582789724e-08
119188,0,5064,0.8131868131868132,6.162438810063835e-06,5.760016065993732e-08
119239,0,5064,0.9006410256410257,3.612464130037421e-06,6.379477253271213e-08
119290,0,5065,0.802547770700637,3.612464130037421e-06,5.684656929995192e-08
119360,0,5065,0.8839590443686007,4.9582841000513615e-06,6.261314392556329e-08
119418,0,5067,0.777027027027027,4.108292540042557e-06,5.5038867905975536e-08
119471,0,5068,0.8256227758007118,3.7541293900388884e-06,5.8481032598470556e-08
119526,0,5068,0.9365079365079365,3.895794650040356e-06,6.63353201594173e-08
119578,0,5068,0.8416988416988417,3.6832967600381547e-06,5.961974262610021e-08
119624,0,5068,0.8956521739130435,3.258300980033752e-06,6.344139904413544e-08
119670,0,5069,0.8577586206896551,3.258300980033752e-06,6.075729900925006e-08
119726,0,5069,0.847457627118644,3.96662728004109e-06,6.002765254299469e-08
119790,0,5069,0.9724770642201835,4.53328832004696e-06,6.888310807410804e-08
119832,0,5070,1.0097087378640777,2.974970460030817e-06,7.152032543763407e-08
119872,0,5071,1.015075376884422,2.8333052000293495e-06,7.190045859370962e-08
119916,0,5071,0.95,3.1166357200322846e-06,6.729099850069705e-08
119965,0,5071,0.8254716981132075,3.4707988700359534e-06,5.8470331368530215e-08
120007,0,5071,0.8413461538461539,2.974970460030817e-06,5.9594760817925026e-08
120048,0,5071,0.8712871287128713,2.9041378300300833e-06,6.171555881252049e-08
120081,0,5071,0.868421052631579,2.3374767900242136e-06,6.151254710590036e-08
120102,0,5071,0.7828571428571428,1.4874852300154085e-06,5.545183034343155e-08
120169,0,5072,0.9257142857142857,4.745786210049161e-06,6.557077748639351e-08
120195,0,5072,0.8352272727272727,1.8416483800190773e-06,5.9161344375612836e-08
120234,0,5072,0.9272727272727272,2.7624725700286158e-06,6.568116600068038e-08
120278,0,5072,1.2846715328467153,3.1166357200322846e-06,9.099666335860684e-08
120304,0,5072,0.8333333333333334,1.8416483800190773e-06,5.9027191667278124e-08
120349,0,5072,1.0476190476190477,3.1874683500330183e-06,7.420561238172107e-08
120389,0,5074,1.0130718954248366,2.8333052000293495e-06,7.175854673276947e-08
120426,0,5074,0.8409090909090909,2.6208073100271483e-06,5.956380250061701e-08
120460,0,5074,1.1555555555555554,2.4083094200249474e-06,8.185103911195898e-08
120507,0,5075,1.025974025974026,3.329133610034486e-06,7.267243857218136e-08
120550,0,5075,1.038709677419355,3.045803090031551e-06,7.357453825882667e-08
120629,0,5076,1.3716216216216217,5.595777770057965e-06,9.715556682533073e-08
120701,0,5077,1.544871794871795,5.099949360052829e-06,1.094273322447233e-07
120765,0,5077,1.6329113924050633,4.53328832004696e-06,1.156634084822108e-07
120817,0,5077,1.6583850931677018,3.6832967600381547e-06,1.1746777770308016e-07
120872,0,5077,1.1970443349753694,3.895794650040356e-06,8.478979847378472e-08
120954,0,5078,1.049792531120332,5.808275660060167e-06,7.435956593438024e-08
121015,0,5078,0.9689922480620154,4.3207904300447585e-06,6.863626938055594e-08
121102,0,5078,1.0674157303370786,6.162438810063835e-06,7.560786348392928e-08
121200,0,5078,1.3497942386831276,6.941597740071907e-06,9.560947588576408e-08
121292,0,5078,1.3359683794466404,6.516601960067504e-06,9.463015391402373e-08
121396,0,5079,1.524,7.366593520076309e-06,1.0794892812111822e-07
121477,0,5081,1.3157894736842106,5.737443030059433e-06,9.320082894833388e-08
121593,0,5081,1.1981707317073171,8.216585080085114e-06,8.486958411673282e-08
121714,0,5081,1.2485207100591715,8.570748230088782e-06,8.843600550387466e-08
121827,0,5081,1.1312335958005248,8.004087190082912e-06,8.012825073573816e-08
121925,0,5081,1.1946666666666668,6.941597740071907e-06,8.462138197420992e-08
122022,0,5082,1.0916030534351144,6.870765110071173e-06,7.732111519164064e-08
122141,0,5083,1.0118483412322274,8.429082970087315e-06,7.167187917135854e-08
122228,0,5083,0.9303944315545244,6.162438810063835e-06,6.590228452504462e-08
122345,0,5083,0.9375,8.287417710085847e-06,6.640559062568789e-08
122445,0,5085,0.986013986013986,7.083263000073374e-06,6.984196384687733e-08
122563,0,5085,0.9882903981264637,8.358250340086582e-06,7.000320810376964e-08
122658,0,5086,1.0723192019950125,6.7290998500697055e-06,7.595518927759479e-08
122750,0,5086,0.9642857142857143,6.516601960067504e-06,6.830289321499325e-08
122826,0,5086,0.900709219858156,5.383279880055764e-06,6.37996029084623e-08
122855,0,5086,0.6919431279620853,2.0541462700212786e-06,4.901215156448875e-08
122895,0,5086,0.5511627906976744,2.8333052000293495e-06,3.904031002366022e-08
122946,0,5086,0.4839506172839506,3.612464130037421e-06,3.427949501270078e-08
122994,0,5086,0.4409448818897638,3.3999662400352196e-06,3.1233285669614876e-08
123041,0,5086,0.636986301369863,3.329133610034486e-06,4.511941500046738e-08
123076,0,5086,0.7637130801687764,2.4791420500256807e-06,5.409580603431564e-08
123123,0,5086,0.9030612244897959,3.329133610034486e-06,6.396620158229527e-08
123169,0,5086,1.0416666666666667,3.258300980033752e-06,7.378398958409765e-08
123212,0,5087,0.9193548387096774,3.045803090031551e-06,6.512032112970683e-08
123252,0,5088,0.9723756906077348,2.8333052000293495e-06,6.887592751452562e-08
123293,0,5088,0.96045197740113,2.9041378300300833e-06,6.803133954872733e-08
123339,0,5088,0.9714285714285714,3.258300980033752e-06,6.880884057214134e-08
123376,0,5088,0.9590643274853801,2.6208073100271483e-06,6.793304865567446e-08
123441,0,5089,1.0738636363636365,4.6041209500476935e-06,7.606458562578794e-08
123501,0,5089,1.223529411764706,4.249957800044025e-06,8.666580611854482e-08
123638,0,5089,1.7588235294117647,9.704070310100523e-06,1.2458209629540817e-07
123725,0,5089,2.1280487804878048,6.162438810063835e-06,1.507352918918053e-07
123839,0,5089,2.105820105820106,8.074919820083647e-06,1.4916077640366155e-07
123956,0,5089,2.1875,8.287417710085847e-06,1.5494637812660505e-07
124034,0,5090,1.3244147157190636,5.5249451400572316e-06,9.381177752605539e-08
124123,0,5090,1.140401146131805,6.304104070065303e-06,8.077761243636684e-08
124262,0,5090,1.0628140703517588,9.84573557010199e-06,7.528191580479993e-08
124346,0,5091,0.8571428571428571,5.949940920061634e-06,6.071368285777177e-08
124447,0,5091,1.042929292929293,7.154095630074108e-06,7.387342472298747e-08
124549,0,5091,1.07035175879397,7.224928260074842e-06,7.581583010128787e-08
124673,0,5091,0.9716312056737588,8.783246120090985e-06,6.882319368865619e-08
124751,0,5091,1.0384615384615385,5.5249451400572316e-06,7.35569619238389e-08
124856,0,5091,0.9903147699757869,7.437426150077043e-06,7.014659968595666e-08
124925,0,5092,0.8826291079812206,4.887451470050628e-06,6.251894103351147e-08
125012,0,5094,0.8248175182481752,6.162438810063835e-06,5.8423994088196444e-08
125112,0,5095,0.891358024691358,7.083263000073374e-06,6.313723316114786e-08
125216,0,5095,0.8801955990220048,7.366593520076309e-06,6.234656919379986e-08
125363,0,5095,1.1648936170212767,1.041239661010786e-05,8.251247856468452e-08
125475,0,5095,1.3657817109144543,7.93325456008218e-06,9.674191059097264e-08
125623,0,5097,1.4155124653739612,1.0483229240108593e-05,1.0026447072126024e-07
125695,0,5099,1.3305555555555555,5.099949360052829e-06,9.424674936208738e-08
125835,0,5100,1.0776255707762556,9.916568200102723e-06,7.633105333412402e-08
125958,0,5100,1.043196544276458,8.71241349009025e-06,7.38923548387784e-08
126065,0,5101,0.8649706457925636,7.579091410078511e-06,6.126814571492038e-08
126233,0,5101,1.1231732776617953,1.1899881840123268e-05,7.955731720332933e-08
126319,0,5102,1.0254237288135593,6.091606180063102e-06,7.263345957702358e-08
126559,0,5102,1.2443064182194616,1.69998312001761e-05,8.813749612927739e-08
126937,0,5102,1.9728506787330318,2.6774734140277353e-05,1.3974220217339328e-07
127161,0,5102,1.724907063197026,1.586650912016436e-05,1.221797037930872e-07
127390,0,5102,2.2128099173553717,1.6220672270168025e-05,1.5673914613798724e-07
127623,0,5103,1.7703826955074875,1.650400279017096e-05,1.254008624305835e-07
127896,0,5103,1.099770642201835,1.933730799020031e-05,7.78996469847519e-08
128132,0,5103,1.0463362068965518,1.6716500680173164e-05,7.411474539947465e-08
128259,0,5103,0.811391223155929,8.995744010093185e-06,5.7472974295646705e-08
128596,0,5104,0.9144736842105263,2.387059631024727e-05,6.477457611909204e-08
128771,0,5104,0.9124087591240876,1.2395710250128405e-05,6.462831204446508e-08
129064,0,5104,0.9598352214212152,2.0753960590214986e-05,6.79876531006013e-08
129280,0,5105,1.1749136939010356,1.529984808015849e-05,8.322222696288739e-08
129491,0,5106,0.9198355601233299,1.4945684930154819e-05,6.515437189173351e-08
129738,0,5107,1.1051428571428572,1.7495659610181234e-05,7.828017509795375e-08
129959,0,5109,0.9603004291845494,1.565401123016216e-05,6.8020604989975e-08
130213,0,5109,0.9138099902056807,1.799148802018637e-05,6.47275649272131e-08
130497,0,5111,1.1240223463687151,2.011646692020838e-05,7.961745897289178e-08
130737,0,5111,1.033092037228542,1.69998312001761e-05,7.317662602971356e-08
130977,0,5111,1.1374301675977654,1.69998312001761e-05,8.056717021312509e-08
131184,0,5112,1.0407288317256163,1.4662354410151884e-05,7.371756026871647e-08
131327,0,5113,0.8250497017892644,1.0129066090104925e-05,5.844044025905468e-08
131601,0,5114,0.8648648648648649,1.9408140620201045e-05,6.126065297360756e-08
131796,0,5114,0.8045186640471512,1.3812362850143079e-05,5.698617285913647e-08
131928,0,5115,0.7662203913491246,9.349907160096855e-06,5.427340547944995e-08
132043,0,5115,0.8626506024096385,8.14575245008438e-06,6.1103810940392e-08
132148,0,5116,0.6331018518518519,7.437426150077043e-06,4.484426922500157e-08
132264,0,5116,0.5714285714285714,8.216585080085114e-06,4.047578857184785e-08
132383,0,5116,0.6115591397849462,8.429082970087315e-06,4.33183422719541e-08
132597,0,5116,0.7737430167597765,1.5158182820157021e-05,5.4806252821796774e-08
132772,0,5116,1.1407678244972577,1.2395710250128405e-05,8.080358522935622e-08
132978,0,5117,1.5256410256410255,1.4591521780151151e-05,1.0806516628317069e-07
133209,0,5117,1.8153846153846154,1.6362337530169494e-05,1.285884667705628e-07
133484,0,5117,1.6010830324909748,1.947897325020178e-05,1.1340892204088598e-07
133709,0,5117,1.501602564102564,1.5937341750165093e-05,1.0636245883122999e-07
133939,0,5117,1.3459383753501402,1.629150490016876e-05,9.533635494496516e-08
134139,0,5118,1.12590799031477,1.4166526000146749e-05,7.975102409283581e-08
134345,0,5119,0.9706877113866967,1.4591521780151151e-05,6.87563635069129e-08
134564,0,5119,0.9124866595517609,1.551234597016069e-05,6.463382993663537e-08
134745,0,5119,0.8387096774193549,1.2820706030132808e-05,5.9408012258679914e-08
135008,0,5119,0.9344086021505377,1.8628981690192975e-05,6.618661878563185e-08
135216,0,5119,1.0116144018583042,1.4733187040152619e-05,7.165530863024284e-08
135663,0,5120,1.2853801169590644,3.166218561032798e-05,9.104685423486128e-08
136115,0,5120,1.6997518610421836,3.201634876033165e-05,1.2039789466625958e-07
136880,0,5120,2.154200230149597,5.4186961950561313e-05,1.5258766784968188e-07
137648,0,5121,2.7921928817451205,5.4399459840563514e-05,1.977783652833346e-07
138855,0,5123,2.9044585987261144,8.549498441088563e-05,2.0573044127601645e-07
139968,0,5124,2.8124087591240876,7.883671719081665e-05,1.992103090458592e-07
141448,0,5125,2.4401709401709404,0.00010483229240108593,1.7284372534367082e-07
143060,0,5128,2.2253289473684212,0.00011418219956118279,1.5762590195886967e-07
144519,0,5128,1.7744360902255638,0.00010334480717107053,1.2568797503889596e-07
146700,0,5130,1.747209966260057,0.00015448596603160028,1.237594770736931e-07
148461,0,5133,1.535245183887916,0.0001247362614312921,1.0874545407074118e-07
152856,0,5136,1.8100517368810052,0.0003113094088532248,1.282107249606777e-07
159083,0,5148,2.571327683615819,0.000441074787014569,1.8213390242420304e-07
162889,0,5169,2.4047831253713605,0.00026958898978279264,1.703371133514377e-07
169170,0,5186,2.9529445315842007,0.00044489974903460865,2.091648274183937e-07
175417,0,5198,2.3030828909759085,0.00044249143961458366,1.6313341827751673e-07
183114,0,5210,1.6500274649821478,0.0005451987531156476,1.1687578491812913e-07
189565,0,5246,1.6477855333868676,0.00045694129613473337,1.1671698300695368e-07
198478,0,5295,1.415230093196195,0.0006313312311965398,1.0024446955727e-07
207599,0,5335,1.4264438633039316,0.0006460644182366925,1.010387703862246e-07
217932,0,5408,1.4488785318963007,0.0007319135657975818,1.0262787696581697e-07
292792,0,5488,3.8696581196581197,0.005302530681854928,2.7409806181907864e-07
344032,0,5570,4.966357308584687,0.0036294639612375968,3.51780149690419e-07
400569,0,5655,5.996209060965757,0.0040046644023514835,4.247272578224346e-07
456582,0,5901,6.854213337928657,0.003967548104231099,4.855019573115948e-07
533295,0,6079,2.329845873657086,0.0054337835452462875,1.650291107274886e-07
610697,0,6279,1.8320691976860821,0.005482587227316793,1.2977027961543938e-07
683791,0,6467,1.4676996424314661,0.005177440257273632,1.0396102572455725e-07
751844,0,6687,1.2372176827990782,0.0048203729694399336,8.763538235607227e-08
792163,0,6920,1.0763607938362516,0.0028559008089995837,7.624146585709927e-08
829306,0,7201,0.8197888736804605,0.002630936376117253,5.8067801968126306e-08
868818,0,7492,0.6532931763775413,0.0027987388765889918,4.6274473844354473e-08
899945,0,7784,0.501591806598885,0.002204807274032839,3.5529066848218424e-08
932696,0,8066,0.5428751332725559,0.002319839465154031,3.845327345169397e-08
963302,0,8361,0.612948231774538,0.002167903473802457,4.341673531088985e-08
992569,0,8646,0.6688267117772001,0.0020730585822314744,4.7374755009921804e-08
1028437,0,8910,0.8675971127811426,0.002540624772866318,6.145418527933153e-08
1057573,0,9196,0.8885955611849174,0.0020637795077013783,6.294156060570561e-08
1090400,0,9485,0.9485208513686976,0.0023252227450340866,6.718622651297992e-08
1123895,0,9764,1.0612116265727145,0.0023725389418745766,7.516841049750191e-08
1147435,0,10054,0.9261121314945677,0.0016674001102172722,6.559895794934559e-08
1171570,0,10319,0.9128742682799875,0.0017095455250677087,6.466128528226691e-08
1193563,0,10571,0.81168075028718,0.0015578220316061371,5.749348226380979e-08
1210422,0,10817,0.6588718151774973,0.0011941673091823701,4.6669623502379485e-08
1228883,0,11040,0.6844484781256828,0.0013076411824435455,4.8481285805641786e-08
1249958,0,11285,0.6876321306701053,0.0014927976772654637,4.870679228837176e-08
1266606,0,11490,0.708034857458585,0.0011792216242522153,5.0151971085986204e-08
1283788,0,11691,0.8478971881609209,0.001217046248672607,6.005878780766503e-08
1299036,0,11883,0.861322561634417,0.001080055942251188,6.100974231953483e-08
1313471,0,12024,0.8102388120630709,0.0010224690140605915,5.739134598709755e-08
1327092,0,12175,0.8280875648590557,0.0009648112532399943,5.8655620089870094e-08
1340972,0,12344,0.7794346154894638,0.0009831569044101843,5.520940372872936e-08
1355883,0,12495,0.810328852650635,0.0010561853459409409,5.739772379872152e-08
1371807,0,12630,0.9184891282099727,0.001127938800131684,6.505900057819349e-08
1385495,0,12749,0.9655622788744503,0.0009695570394500434,6.839331564217923e-08
1400358,0,12869,1.0385072747621713,0.0010527853797009056,7.356020154629921e-08
1414142,0,12985,1.024838601861136,0.0009763569719301139,7.259201349609911e-08
1430893,0,13097,1.0128565551289084,0.0011865173851422909,7.174329361326375e-08
1446956,0,13187,1.0523603239559611,0.001137784535701786,7.454144945422489e-08
1466859,0,13274,1.1198093826827873,0.0014097818349046037,7.931904367491994e-08
1490014,0,13385,1.3023223879572254,0.0016401295476669898,9.224691984784617e-08
1515913,0,13482,1.4389195410080222,0.0018344942843890031,1.0192245544904685e-07
1541981,0,13568,1.5461024064040612,0.001846464998859127,1.0951449969606294e-07
1569185,0,13630,1.53871370355333,0.0019269308665399608,1.0899113844085173e-07
1597094,0,13695,1.4113243357233234,0.001976867870690478,9.996781448332149e-08
1626085,0,13752,1.2958362738179252,0.002053508776351272,9.17874913248746e-08
1652078,0,13812,1.1586108918705604,0.0018411525516090722,8.206745661868753e-08
1682737,0,13874,1.1097081875574146,0.002171657603192496,7.860354945803919e-08
1713300,0,13928,1.085225999252895,0.0021648576707124253,7.686941167225686e-08
1738527,0,13995,1.0206041462440547,0.00178689475702851,7.229207586811988e-08
1762757,0,14037,1.005286247581678,0.0017162746249177786,7.1207068819779e-08
1787635,0,14066,0.9237882203748062,0.001762174169158254,6.543434921284492e-08
1811382,0,14096,0.8440355919659914,0.0016820624646274242,5.978526079317735e-08
1832597,0,14120,0.8366090962451753,0.0015027142454655663,5.9259222569582745e-08
1849430,0,14131,0.7831024855663676,0.0011923256608023511,5.5469208612777455e-08
1869000,0,14166,0.7756582584987322,0.0013861945691143593,5.494191443125419e-08
1888027,0,14192,0.781437980465325,0.001347732451023961,5.5351307338820967e-08
1911669,0,14213,0.8405655363027532,0.001674625038477347,5.953946762430124e-08
1933414,0,14265,0.968975344109469,0.0015402555393659553,6.863507202913967e-08
1953258,0,14334,1.0355558286732625,0.0014056027097345603,7.335114285751643e-08
1970377,0,14393,1.0744340791962945,0.0012125837929825608,7.610499159189019e-08
1983788,0,14449,0.9120674828004857,0.0009499364009398402,6.460413854490738e-08
1994593,0,14501,0.7284601828919794,0.0007653465671579281,5.159875060505441e-08
2005524,0,14564,0.6203090507726269,0.0007742714785380205,4.393812147948384e-08
2015624,0,14621,0.5494474802671524,0.0007154095630074107,3.891881007459866e-08
2024284,0,14697,0.5615163826453501,0.0006134105758063542,3.9773682171268514e-08
2031342,0,14722,0.6006799718857778,0.0004999367025451787,4.254774219743645e-08
2037518,0,14745,0.6121379099223204,0.00043746232288453156,4.33593380829502e-08
2043178,0,14761,0.6089685504011315,0.00040091268580415295,4.3134844012646525e-08
2048423,0,14778,0.5960835638087713,0.00037151714435384846,4.2222166524785456e-08
2053250,0,14802,0.5961522762524151,0.00034190910501354175,4.2227033607882524e-08
2057995,0,14810,0.6400262549227981,0.0003361008293534816,4.533474290570184e-08
2062668,0,14823,0.7073383174856646,0.0003310008799934288,5.010263332780361e-08
2066938,0,14830,0.7670160321471478,0.00030245533010313306,5.432976280970982e-08
2070480,0,14842,0.7864706956362972,0.0002508891754625989,5.5707787790425524e-08
2072376,0,14850,0.7023001416223079,0.00013429866648139116,4.974576608099584e-08
2074583,0,14854,0.6113391482811699,0.00015632761441161937,4.3302759695163804e-08
2077182,0,14858,0.5532811234134486,0.00018409400537190698,3.9190357101135105e-08
2079353,0,14862,0.5149738827626233,0.00015377763973159296,3.647695449776613e-08
2081192,0,14867,0.6130310826785341,0.00013026120657134936,4.342260385831782e-08
2082624,0,14868,0.6748636172891314,0.00010143232616105072,4.780236490439782e-08
2084058,0,14871,0.671222178836392,0.00010157399142105219,4.7544432241804485e-08
2085584,0,14876,0.7022427589315903,0.00010809059338111969,4.97417015140958e-08
2086877,0,14877,0.644850272232305,9.158659059094873e-05,4.567644073890328e-08
2088229,0,14882,0.6970526053973386,9.576571576099202e-05,4.9374069289157144e-08
2089569,0,14885,0.8014834205933682,9.491572420098321e-05,5.6771178582612505e-08
2090677,0,14886,0.8173647889584337,7.848255404081298e-05,5.789609767192055e-08
2091649,0,14887,0.8394019349164468,6.88493163607132e-05,5.9457046677836656e-08
2092491,0,14887,0.760392506690455,5.964107446061781e-05,5.3860601081735454e-08
2093305,0,14890,0.6779168934857558,5.7657760820597265e-05,4.801863648752336e-08
2094030,0,14893,0.658354604358924,5.135365675053196e-05,4.6632988099835116e-08
2094679,0,14894,0.634953897736798,4.59703768704762e-05,4.497545450591434e-08
2095275,0,14895,0.653214453308306,4.221624748043731e-05,4.626889768231881e-08
2095730,0,14895,0.6490899357601713,3.222884665033385e-05,4.597674725690024e-08
2096200,0,14897,0.6471816283924844,3.329133610034486e-05,4.58415768271972e-08
2096684,0,14897,0.6617161716171617,3.428299292035513e-05,4.687109674966044e-08
2097282,0,14899,0.7209051724137931,4.235791274043878e-05,5.1063609343201376e-08
2097925,0,14900,0.9051546391752577,4.554538109047179e-05,6.41144836501487e-08
2098595,0,14902,1.1036866359447004,4.7457862100491604e-05,7.817702712062548e-08
2099041,0,14903,1.1755610972568578,3.159135298032725e-05,8.326808424525158e-08
2099865,0,14907,1.2869955156950672,5.8366087120604604e-05,9.116127717583221e-08
2100607,0,14907,1.221867881548975,5.2557811460544434e-05,8.65481155635389e-08
2101049,0,14910,1.024634655532359,3.130802246032432e-05,7.257756744125286e-08
2101560,0,14910,1.068731438268986,3.619547393037494e-05,7.57010585370591e-08
2102379,0,14911,0.9732868757259001,5.8011923970600935e-05,6.89404691528628e-08
2103227,0,14912,0.976882923191648,6.0066070240622215e-05,6.91951866524692e-08
2104341,0,14913,1.3414832925835372,7.890754982081738e-05,9.502078971573574e-08
2105331,0,14913,1.497022628026995,7.01243037007264e-05,1.060380499137622e-07
2106288,0,14913,1.5548926014319808,6.778682691070219e-05,1.1013713232810986e-07
2107342,0,14914,1.5706106870229009,7.465759202077336e-05,1.1125048566909136e-07
2108598,0,14915,1.293134872417983,8.896578328092158e-05,9.159614395902902e-08
2109935,0,14915,1.220896313975073,9.470322631098101e-05,8.6479296877056e-08
2111214,0,14916,1.2601688411358403,9.059493377093845e-05,8.92610732626284e-08
2112692,0,14916,1.3001215066828675,0.00010469062714108447,9.209102563886404e-08
2114127,0,14918,1.2988019732205778,0.00010164482405105292,9.199755961335607e-08
2115561,0,14919,1.2219808861859254,0.00010157399142105219,8.655611997917638e-08
2116897,0,14919,1.1536743808363783,9.463239368098028e-05,8.171779055910878e-08
2118491,0,14920,1.0839252336448597,0.00011290721222116959,7.677727502322521e-08
2120269,0,14921,1.1108699584011574,0.00012594041614130458,7.868584074235967e-08
2122283,0,14921,1.1948098115890509,0.00014265691682147774,8.463152130553363e-08
2124209,0,14922,1.2866443779693824,0.00013642364538141318,9.113640516722948e-08
2126233,0,14922,1.3350577685807898,0.00014336524312148508,9.456565295148829e-08
2128225,0,14922,1.2953435363073917,0.0001410985989614616,9.175258943110349e-08
2130033,0,14923,1.1529306753942279,0.0001280653950413266,8.16651119466954e-08
2132190,0,14924,1.0914934354485777,0.00015278598291158267,7.731335066135886e-08
2134718,0,14927,1.0959700335830536,0.0001790648886418549,7.763043988068017e-08
2137169,0,14928,1.1241830065359477,0.0001736107761317984,7.962883895507323e-08
2139919,0,14932,1.2756129032258066,0.0001947897325020178,9.035501679835534e-08
2142216,0,14934,1.2562335546923944,0.0001627025511116854,8.898232657403289e-08
2144566,0,14934,1.1606364172068355,0.0001664566805017243,8.221092990538902e-08
2147330,0,14934,1.1360688729874777,0.00019578138932202805,8.047074613567259e-08
2150503,0,14935,1.0706048958122598,0.00022475193499232817,7.583376046204389e-08
2153986,0,14936,1.1739477358866945,0.00024671005029255563,8.315380561626133e-08
2157433,0,14939,1.3065597075548334,0.0002441600756125292,9.25470603390984e-08
2160884,0,14940,1.33392382639504,0.0002444434061325321,9.448533284420284e-08
2164305,0,14943,1.3040438397581255,0.00024231842723251013,9.236885480632343e-08
2167619,0,14950,1.158283772302464,0.0002347393358224316,8.204428587935455e-08
2170811,0,14952,1.0397139970467086,0.0002260977549623421,7.364567685939349e-08
2174317,0,14955,0.9910727460528257,0.0002483392007825725,7.020028912497096e-08
2178366,0,14963,1.018765396319374,0.00028680131887297094,7.216183237504109e-08
2182488,0,14968,1.0906623633829677,0.00029197210086302446,7.725448364123157e-08
2186813,0,14969,1.1961429212139334,0.0003063511247531734,8.472594896634335e-08
2190992,0,14973,1.2413459391051886,0.0002960095607730663,8.792779760755119e-08
2195056,0,14976,1.186971054690278,0.0002878638083229819,8.407628153845716e-08
2198945,0,14980,1.1067993812630306,0.0002754680980728535,7.839751105804529e-08
2203789,0,14981,1.060867391576053,0.0003431132597235542,7.514402742735007e-08
2209013,0,14986,1.08071964017991,0.00037002965912383306,7.655021440738966e-08
2214254,0,14992,1.15026962252846,0.00037123381383384553,8.147662257364208e-08
2219264,0,15000,1.2346721759737498,0.00035487147630367606,8.745507741294945e-08
2224482,0,15009,1.2189561734213006,0.00036960466334382864,8.634187161906122e-08
2229362,0,15012,1.1291826202763442,0.00034566323440358065,7.998297474529331e-08
2234541,0,15019,1.056724658818627,0.00036684219077380006,7.48505867707514e-08
2240160,0,15029,1.0283970667847828,0.0003980085479741229,7.284406892540639e-08
2245156,0,15034,0.9990818151065578,0.00035387981948366575,7.076759254990429e-08
2250565,0,15039,1.041967664258686,0.0003831336956739688,7.380531003516426e-08
2255689,0,15045,1.0424409720510672,0.00036294639612375967,7.383883567089847e-08
2260777,0,15046,0.9866481623277182,0.0003603964214437333,6.988688422306315e-08
2265424,0,15052,0.9803618071007062,0.0003291592316134097,6.944160514921504e-08
2270011,0,15063,0.9171343677781446,0.00032490927381336566,6.496303933378618e-08
2274979,0,15067,0.9121429922451295,0.0003518965058436452,6.460948707746141e-08
2280418,0,15070,0.9526604258621526,0.0003852586745739908,6.747944346143529e-08
2285355,0,15074,0.9833728044207618,0.0003497006943136225,6.965488200831972e-08
2290634,0,15079,1.060526586444513,0.0003739254537738734,7.511988730356536e-08
2295769,0,15084,1.077760497667185,0.0003637255550537678,7.634061056066638e-08
2300466,0,15091,1.0207219591670484,0.0003327008631134464,7.230042086730359e-08
2304661,0,15094,0.9686418142591943,0.00029714288285307805,6.861144723266097e-08
2311307,0,15099,1.0024244775250934,0.00047075365898487646,7.100436212021378e-08
2316346,0,15101,0.9897546897546897,0.0003569256225736973,7.010692773088495e-08
2322331,0,15106,1.0906324820430966,0.00042393329055439145,7.725236706734055e-08
2330459,0,15109,1.336268517559308,0.0005757276166459638,9.465141348590745e-08
2339195,0,15112,1.3490059497895805,0.0006187938556864099,9.555363931023376e-08
2345333,0,15116,1.408708752490645,0.0004347706829445037,9.978254584396506e-08
2354676,0,15127,1.479304825062886,0.0006617892620968554,1.0478305133197956e-07
2363469,0,15131,1.2795565547716878,0.0006228313155964518,9.063435600915657e-08
2372972,0,15136,1.2111660929432013,0.0006731224828969727,8.579007973088007e-08
2382169,0,15144,1.270776555007417,0.0006514476981167482,9.001244553444744e-08
2390686,0,15149,1.1133096305456793,0.0006032815097162492,7.885864913669569e-08
2397571,0,15152,1.0330808845804302,0.00048768265755505183,7.317583605831633e-08
2407635,0,15157,1.0262308671581253,0.0007128595883273844,7.269063130874363e-08
2416140,0,15167,0.9222228254967966,0.0006024315181562404,6.532346817664583e-08
2425558,0,15182,0.9683976673146348,0.0006671017093469103,6.859415366247118e-08
2435598,0,15192,1.1150958888041758,0.0007111596052073668,7.898517450700552e-08
2443816,0,15199,1.0437930935002742,0.0005821025533460298,7.39346099892262e-08
2452580,0,15203,1.0726796385152042,0.0006207771693264305,7.598071994426828e-08
2466054,0,15213,1.1612755219086948,0.0009543988566298865,8.225619937226755e-08
2476316,0,15217,1.07076550871749,0.0007268844490675296,7.584513709653342e-08
2486863,0,15231,1.1897681103341533,0.0007470717486177387,8.427440434597124e-08
2498088,0,15240,1.248847420417124,0.0007950962717582363,8.845914725777692e-08
2510703,0,15251,1.1025533386013433,0.0008935536274592562,7.809675268922265e-08
2522721,0,15259,1.1396679601159192,0.0008512665473488181,8.072567894258189e-08
2533531,0,15266,1.0841173600947802,0.0007657007303079318,7.679088384496579e-08
2547297,0,15275,1.0813263602004044,0.0009750819845901007,7.659318998211538e-08
2558905,0,15283,1.0795762503079576,0.0008222251690485173,7.646922509564307e-08
2569910,0,15292,1.01689473117121,0.0007795130931580748,7.202932824274592e-08
2581660,0,15308,1.031306248392903,0.0008322834025086214,7.30501339098593e-08
2594190,0,15320,0.9529354386392733,0.0008875328539091938,6.749892333972255e-08
2605616,0,15331,0.969067673540517,0.0008093336303883837,6.864161196556729e-08
2616674,0,15339,0.9909936637775753,0.0007832672225481138,7.019468751942852e-08
2626983,0,15350,0.9416983523447402,0.0007302135826775641,6.670297096393557e-08
2635990,0,15361,0.8913910391742904,0.0006379894984166088,6.313957166380207e-08
2644191,0,15371,0.8258226113763354,0.0005808983986360174,5.84951874778597e-08
2652714,0,15381,0.7706782995466598,0.0006037065054962537,5.45891708413832e-08
2661940,0,15387,0.7712861019791276,0.0006535018443867695,5.463222308619574e-08
2671881,0,15403,0.8586363636363636,0.0007041471748372941,6.081947185063002e-08
2680816,0,15419,0.949449125081011,0.000632889549056556,6.725197858138361e-08
2689291,0,15442,1.0149001109877913,0.0006003065392562185,7.188804404930183e-08
2696527,0,15452,0.9894155676974569,0.0005125449106853094,7.008290682367989e-08
2702866,0,15459,0.8633083502828007,0.0004490080415746512,6.115040095212547e-08
2709291,0,15468,0.7774744027303754,0.0004550996477547143,5.5070556703642136e-08
2716077,0,15485,0.7323181234108866,0.00048067022718497915,5.187201867839501e-08
2722353,0,15650,0.7466967357677741,0.00044454558588460496,5.289049360739439e-08
2728374,0,15657,0.8232370501855737,0.00042648326523441783,5.8312045378690224e-08
2733103,0,15667,0.8362423178226515,0.00033496750727346985,5.923324268928786e-08
2737936,0,15679,0.8160606286866273,0.00034233410079354616,5.7803720569926035e-08
2742421,0,15686,0.7770463873615736,0.00031768434555329083,5.504023924938917e-08
2747530,0,15700,0.7509800846793163,0.0003618839066737487,5.319389447600971e-08
2752556,0,15705,0.8169410381320342,0.00035600479838368776,5.78660822864217e-08
2757442,0,15713,0.8923555514890892,0.00034608823018358507,6.320789060772736e-08
2762150,0,15719,0.9831074347219454,0.00033348002204345445,6.963608517463006e-08
2766475,0,15725,0.9889851743579036,0.0003063511247531734,7.005242093150452e-08
2770859,0,15728,0.9408831542692644,0.0003105302499232167,6.664522834027809e-08
2775058,0,15736,0.9031067363888035,0.00029742621337308097,6.396942530979829e-08
2779780,0,15746,0.8936083937351107,0.0003344716788634647,6.32966327189891e-08
2785437,0,15752,1.0008973343890208,0.00040070018791415075,7.089619055549819e-08
2791596,0,15754,1.1329836638802382,0.0004362581681745191,8.025221266050459e-08
2799588,0,15767,1.3924841053587647,0.0005660943789658641,9.863331141678012e-08
2804912,0,15770,1.4255246738513896,0.00037711292212390645,1.0097366177983212e-07
2811879,0,15781,1.3944731568399957,0.0004934909332151119,9.877420116440257e-08
2820009,0,15790,1.3701596180739741,0.0005758692819059653,9.705200926898047e-08
2825166,0,15799,1.0427231960864247,0.0003652838729137839,7.385882634157226e-08
2832279,0,15807,1.0889304472385803,0.0005038324971952191,7.713180746578387e-08
2838844,0,15814,1.0197791392481659,0.000465016215954817,7.223363845283207e-08
2845461,0,15821,0.8957871396895787,0.00046869951271485516,6.345095902504752e-08
2852031,0,15827,1.050316678395496,0.00046537037910482067,7.439669266438782e-08
2858293,0,15832,0.9505608945079841,0.0004435539290645947,6.733072813385053e-08
2864168,0,15839,0.9391433339514185,0.0004161417012543107,6.652199229143635e-08
2870228,0,15852,0.9730865943737231,0.00042924573780444647,6.892628269794801e-08
2876602,0,15861,0.9146100874744091,0.00045148718362467686,6.478423792101354e-08
2882971,0,15870,0.9486430383639579,0.0004511330204746732,6.719488133920609e-08
2889897,0,15877,1.0159927341652188,0.0004905867953850819,7.196543742255878e-08
2896422,0,15881,1.0576169903500625,0.00046218291075478767,7.491379295995556e-08
2902917,0,15888,1.0709779821741077,0.00046005793185476565,7.586018715027099e-08
2909352,0,15898,1.0690088337790744,0.0004558079740547216,7.572070719058905e-08
2916167,0,15905,1.0210268568541334,0.00048272437345500045,7.232201757236097e-08
2923470,0,15913,1.0326028861571352,0.0005172906968953585,7.314197817285814e-08
2930381,0,15920,1.043663309899297,0.0004895243059350709,7.392541707543801e-08
2937389,0,15928,1.0627724498692241,0.000496395071045142,7.52789677165601e-08
2944653,0,15940,1.0843547773125237,0.0005145282243253299,7.680770073090602e-08
2952291,0,15952,1.065550133096717,0.0005410196279456043,7.547571832487234e-08
2959481,0,15965,1.059568890183513,0.0005092866097052756,7.505205115865686e-08
2967572,0,15973,1.0765417127367407,0.0005731068093359367,7.625428081863774e-08
2976228,0,15983,1.1084392333075896,0.0006131272452863512,7.851366609117348e-08
2984649,0,15994,1.1227230144686167,0.0005964815772361788,7.952542387716395e-08
2997306,0,16012,1.2998281786941581,0.000896528597919287,9.207024844597092e-08
3002843,0,16025,1.168571712553424,0.00039220027231406273,8.277300774462048e-08
3013968,0,16030,1.195249406175772,0.0007880130087581629,8.466265894624516e-08
3026615,0,16034,1.2969281166944806,0.0008958202716192797,9.186482942736857e-08
3046538,0,16047,1.3015730337078653,0.0014111984875046183,9.219384111556177e-08
3053673,0,16056,1.4411272716962944,0.0005053908150552352,1.0207883482003051e-07
3070130,0,16066,1.4881293057763647,0.0011656925919220752,1.0540811250930602e-07
3100114,0,16072,1.7513939856073966,0.0021238455779420003,1.2405584216803913e-07
3108324,0,16081,1.254996750081248,0.000581535892306024,8.889472045062835e-08
3129859,0,16091,1.498839268148731,0.0015253806870658012,1.0616672731134961e-07
3153405,0,15781,1.4827641465759767,0.0016678251059972767,1.0502808417276989e-07
3200035,0,15789,1.3594878841889004,0.0033029255369342145,9.629610229123275e-08
3210359,0,15801,1.6514258893600493,0.0007312760721275752,1.1697483899467302e-07
3242270,0,15809,1.4754810595122463,0.002260340055953414,1.0451220396152156e-07
3295792,0,15819,1.7098408886220353,0.0037911040228992715,1.2111252702389042e-07
3329533,0,15834,1.2960038430359984,0.0023899637688547574,9.179936069329788e-08
3364415,0,15847,1.5098348605870535,0.0024707837996855945,1.0694557404217217e-07
3373507,0,15860,1.1674747133287668,0.0006440102719666712,8.269530440442924e-08
3437108,0,15872,0.9924782459072808,0.004505026100676666,7.029984437612766e-08
3449676,0,15885,0.9277595020772521,0.0008902244938492216,6.571564554030297e-08
3490482,0,15901,0.8183193124578075,0.002890396299809941,5.796370908177871e-08
3533755,0,15910,1.2210580857532556,0.003065140398021751,8.649075559756457e-08
3580291,0,15930,1.0132115259418608,0.0032962672697141454,7.176843712951866e-08
3627131,0,15957,1.4770315374179104,0.0033178003892343684,1.0462202838933776e-07
3705990,0,15970,1.7094719474565112,0.005585790369227862,1.2108639395082082e-07
3719252,0,15986,1.1575620288552744,0.0009393823390697308,8.199316289280432e-08
3764783,0,16001,1.2885049202768486,0.003225080476563408,9.126819227209494e-08
3837220,0,16012,1.1839001436984025,0.00513090321936315,8.385876083640444e-08
3851748,0,16031,0.6763461217216994,0.0010290564486506598,4.7907374592344354e-08
3892221,0,16047,0.9324625196094816,0.002866809034019697,6.604877264105034e-08
3931982,0,16067,0.9062669384038332,0.002816376201459174,6.419327072985647e-08
3967054,0,16083,0.6179952305927487,0.0024842419993857338,4.37742275107943e-08
4004311,0,16105,1.046686974299867,0.002639011295937337,7.413959117716999e-08
4039789,0,16132,0.8531470957223549,0.0025130000471660315,6.043065256750214e-08
4070575,0,16155,0.8289104599907894,0.002180653347202589,5.8713907916265594e-08
4097741,0,16176,1.006569927753901,0.0019242392265999327,7.129799526245737e-08
4123336,0,16200,0.7801695037459935,0.0018129611648687802,5.5261457796696014e-08
4146984,0,16225,0.726410874986447,0.0016750500342573515,5.145359273642425e-08
4167941,0,16262,0.7025318739041654,0.001484439426925377,4.976218028797588e-08
4182811,0,16297,0.6509446234131934,0.0010532812081109108,4.6108119661193694e-08
4199891,0,16316,0.6431842049989498,0.0012098213204125323,4.555842881500669e-08
4215617,0,16348,0.6402630719716405,0.0011139139393915387,4.5351517280100365e-08
4221819,0,16390,0.5533553807283856,0.00043930397126455066,3.9195616942048894e-08
4239659,0,16416,0.668249676736805,0.00126365411921309,4.733388210040804e-08
4275828,0,16506,0.9919273724773039,0.0025619453944965387,7.026082456228487e-08
4290905,0,16509,1.0969650168286393,0.0010679435625210625,7.770091716077168e-08
4313898,0,16593,1.7090278035561826,0.0016286546616068708,1.2105493407026175e-07
4337428,0,16594,1.7198318322544328,0.001666691783917265,1.218202118375622e-07
4361840,0,16634,1.132675770704663,0.0017291661635779121,8.023040377711933e-08
4386235,0,16673,1.2662044416108809,0.0017279620088678997,8.968859071790919e-08
4410207,0,16725,1.0459388134102239,0.0016979998063775892,7.408659697369286e-08
4434075,0,16775,0.9885239697654676,0.0016906332128575128,7.001975259725388e-08
4458006,0,16838,1.1180532948890853,0.001695095668547559,7.919465535797984e-08
4484059,0,16900,1.0261617539074792,0.0018454025094091161,7.268573583543247e-08
4514557,0,16964,1.0834916778286556,0.0021602535497623775,7.674656512451137e-08
4549736,0,17042,1.1967365774416174,0.0024918210907958122,8.476799919826653e-08
4584205,0,17102,1.3123037248091842,0.0024415299234952915,9.295392418799366e-08
4612203,0,17167,1.309944389924763,0.0019831719747605433,9.278680629307762e-08
4637347,0,17249,1.1767129851461429,0.0017810156487384492,8.334967549391565e-08
4661332,0,17333,0.9648541859399452,0.0016989206305675988,6.83431595573433e-08
4687167,0,17402,0.8158701732977282,0.001829960996068956,5.77902301138325e-08
4715239,0,17477,0.8040641777999751,0.001988413589380598,5.695398040294983e-08
4745734,0,17544,0.882702174444173,0.0021600410518723754,6.252411652324724e-08
4768765,0,17624,0.9626957955482275,0.0016313463015468989,6.819027508932961e-08
4797126,0,17698,1.067957110390241,0.00200888421945081,7.56462108569247e-08
4808767,0,17762,0.9077215730424317,0.0008245626458385414,6.429630632699857e-08
4818146,0,17837,0.6680875012686023,0.0006643392367768817,4.732239478547364e-08
4827425,0,17904,0.5460147254567963,0.0006572559737768084,3.867565902323347e-08
4836767,0,18001,0.360507098100201,0.0006617184294668546,2.5535665892369754e-08
4845027,0,18072,0.38769138653665214,0.0005850775238060607,2.746120053702213e-08
4852776,0,18126,0.47823565154946696,0.0005488820498756857,3.387468895936322e-08
4859037,0,78087,0.5389021479713604,0.000443483096434594,3.8171856453856035e-08
4863690,0,78137,0.6791705557377463,0.0003295842273934141,4.81074366819645e-08
4867556,0,78190,0.6213182570325427,0.0002738389475828366,4.400960621308688e-08
4871355,0,78247,0.5365001443834825,0.0002690931613727875,3.800171622245545e-08
4875374,0,78294,0.5167974187017588,0.0002846763399729489,3.660612034423595e-08
4879169,0,78336,0.5749359283883668,0.00026880983085278453,4.072422388966154e-08
4882683,0,91023,0.6714456922189178,0.00024890586182257837,4.756026428252915e-08
4885426,0,91061,0.7573604607352387,0.00019429390409201266,5.36458332924444e-08
4887702,0,91111,0.7546061088327111,0.00016121506588167,5.345073530324084e-08
4889691,0,91147,0.6797596743975709,0.00014088610107145942,4.814916550602238e-08
4891987,0,91174,0.6150591657301514,0.00016263171848168468,4.356625831472379e-08
4894391,0,91204,0.6371260038376804,0.00017028164252176392,4.512931049368048e-08
4896727,0,91226,0.7320733290071382,0.000165465023681714,5.1854679246968044e-08
4900210,0,97623,0.9997148831020718,0.00024671005029255563,7.081243442099583e-08
4903495,0,97643,1.2368873602751504,0.00023268518955241033,8.761198474295398e-08
4903496,0,97648,1.0156162855549358,7.083263000073375e-08,7.19387725774323e-08
4903497,0,97663,0.7501385041551246,7.083263000073375e-08,5.313428311412381e-08
4903498,0,97668,0.3125772411826219,7.083263000073375e-08,2.2140668071338772e-08
4903503,0,97680,0.0006951685783802572,3.541631500036687e-07,4.924061870054483e-11
4903505,0,97685,0.0009884678747940692,1.416652600014675e-07,7.001577924289991e-11
4903507,0,100970,0.0014771048744460858,1.416652600014675e-07,1.0462722304391986e-10
4903507,0,100977,0.002737226277372263,0.0,1.9388493613339527e-10
4903509,0,100982,0.75,1.416652600014675e-07,5.3124472500550307e-08
4903513,0,100990,0.8888888888888888,2.83330520002935e-07,6.296233777842999e-08
4903515,0,100992,0.8,1.416652600014675e-07,5.666610400058699e-08
4903516,0,100998,1.0,7.083263000073375e-08,7.083263000073375e-08
4903516,0,101003,1.1666666666666667,0.0,8.263806833418937e-08
4903517,0,101007,0.5,7.083263000073375e-08,3.541631500036687e-08
4903517,0,101009,0.25,0.0,1.7708157500183437e-08
4903517,0,101013,0.1111111111111111,0.0,7.870292222303748e-09
4903517,0,101016,0.14285714285714285,0.0,1.0118947142961962e-08
4903520,0,101020,0.75,2.1249789000220123e-07,5.3124472500550307e-08
4903520,0,101022,1.5,0.0,1.0624894500110061e-07
4903520,0,101024,3.0,0.0,2.1249789000220123e-07
4903521,0,101029,4.0,7.083263000073375e-08,2.83330520002935e-07
4903521,0,101031,0.3333333333333333,0.0,2.3610876666911244e-08
4903521,0,101034,0.3333333333333333,0.0,2.3610876666911244e-08
4903523,0,101036,1.0,1.416652600014675e-07,7.083263000073375e-08
4903523,0,101036,0.5,0.0,3.541631500036687e-08
4903523,0,101036,2.0,0.0,1.416652600014675e-07
4903523,0,101038,2.0,0.0,1.416652600014675e-07
4903524,0,101040,0.3333333333333333,7.083263000073375e-08,2.3610876666911244e-08
4903524,0,101042,0.5,0.0,3.541631500036687e-08
4903524,0,101042,0.5,0.0,3.541631500036687e-08
4903524,0,101048,0.5,0.0,3.541631500036687e-08
4903524,0,101051,0.0,0.0,0.0
4903524,0,101051,0.0,0.0,0.0
4903524,0,101052,0.0,0.0,0.0
4903524,0,101053,0.0,0.0,0.0
4903524,0,101054,,0.0,
4903524,0,101055,,0.0,
4903524,0,101055,,0.0,
4903524,0,101055,,0.0,
4903524,0,101056,,0.0,
